UNIX Epoch timestamp-utc,x,y,z
1645747241435,0,-0,-66.53648614
1645747242435,1.69956676973781,-3.21303138266709,-56.80613369
1645747243435,2.98309375929194,2.28297255713007,-63.22620726
1645747244435,-2.12445846217226,-9.25175461373615,-60.45678247
1645747245435,-9.93184331254221,-24.8252455844742,-52.5111178
1645747246435,-17.2700769192873,-24.2070561260766,-53.83292501
1645747247435,-13.4726074178399,-27.2147642601313,-55.82175985
1645747248435,-4.35513984745313,-24.1537830672073,-47.95706291
1645747249435,-10.4895136585479,-15.5091193577406,-61.51951504
1645747250435,-14.9331726108978,-16.1428467914446,-60.64194709
1645747251435,-18.6598268294342,-29.7063896323488,-47.25046736
1645747252435,-19.1820895339844,-17.7354892895263,-53.0519954
1645747253435,-27.5559966413529,-33.1314033965783,-46.06265508
1645747254435,-9.22369049097951,-24.5189254940046,-53.39475701
1645747255435,-9.37417296527855,-15.4170013598168,-63.97124647
1645747256435,-16.6769989305681,-15.0274421145683,-64.4444231
1645747257435,-20.9524715866332,-20.4735025611827,-65.03666469
1645747258435,-23.6965637667294,-24.6809643823843,-67.39637386
1645747259435,-21.58095721555,-24.1393549473927,-63.52024485
1645747260435,-16.4025897111748,-16.8209684400843,-67.30540895
1645747261435,-6.93989764351536,-20.604465498161,-41.69143521
1645747262435,-7.74542147845177,-20.0717349063143,-48.9691059
1645747263435,-8.99354082529245,6.33394476662181,-58.70219505
1645747264435,-9.31220959461829,-6.71462516951404,-54.44902028
1645747265435,-15.9776980187403,-15.3115650967814,-45.00099084
1645747266435,-14.4109099025738,-6.75014054209353,-50.55246097
1645747267435,-16.3406263417724,-15.3370917707243,-40.87781969
1645747268435,-20.8816563037222,-8.94321481228319,-45.28053749
1645747269435,-27.9454806935898,-12.1917615675298,-47.69817583
1645747270435,-35.1863432831874,-5.03874351586474,-53.72496665
1645747271435,-37.3108017478755,-10.1474079213968,-36.20173883
1645747272435,-49.057286662999,-3.2052623950139,-48.42272299
1645747273435,-45.2421133420818,-10.1229911021569,-46.0233052
1645747274435,-43.4451755577124,-10.1662754631782,-27.8704289
1645747275435,-52.0846399722235,-12.7988524710105,-26.4283341
1645747276435,-59.6618751543905,-26.6365295970685,12.44810777
1645747277435,-63.4859003888164,-1.09320756940837,-21.31674605
1645747278435,-56.1211110503508,4.08315801559618,-62.79308133
1645747279435,-76.6221352140869,-11.5169694845765,-32.90931732
1645747280435,-69.3812726219734,-17.9030774553644,-12.50936347
1645747281435,-75.993649586428,-13.4447883143344,-9.444101381
1645747282435,-75.9670938559654,-10.1418586439383,-26.58411478
1645747283435,-92.1572377209229,-9.02423425607872,-38.19869864
1645747284435,-77.8791064719204,6.85557680434032,-54.50738247
1645747285435,-86.5451266143783,0.285232837704803,-51.16336353
1645747286435,-84.3410009595601,7.47931553940775,-62.36885496
1645747287435,-86.6956090899353,9.50147207807287,-65.00874935
1645747288435,-98.0172023138823,4.18970413412325,-23.68401705
1645747289435,-93.2902822349201,6.59698049685873,-21.63713545
1645747290435,-103.080494984156,12.2006404106747,-23.12996536
1645747291435,-99.0086162633153,17.7410385661962,-34.47994886
1645747292435,-108.595235074811,18.173882172466,-18.6895105
1645747293435,-105.762623791076,15.4047929494083,-45.15133811
1645747294435,-107.833970793581,1.45169086246693,-62.96943156
1645747295435,-112.950374923522,21.4879103962017,-58.70555034
1645747296435,-122.75829149097,10.3216552186078,-13.50805657
1645747297435,-118.509374567883,16.4436176036671,-35.30245887
1645747298435,-115.411205975748,34.4310440693022,-52.06533227
1645747299435,-126.653132005791,31.3800515750147,-28.77979648
1645747300435,-125.334197378555,34.8894143495149,-49.54653828
1645747301435,-128.759886649752,40.0491321037214,-41.18364954
1645747302435,-130.972864214305,29.6642151268192,-34.5293042
1645747303435,-140.01066458953,34.411066672029,-19.40555787
1645747304435,-141.49778551305,36.5830536894539,-16.99476342
1645747305435,-143.613392065488,34.999290034517,-17.16892474
1645747306435,-143.365538577815,52.9445419946224,-26.5324139
1645747307435,-142.090863501769,52.6337824821861,-59.21430526
1645747308435,-141.683675628805,58.784601108452,-79.58546094
1645747309435,-143.17964846206,56.7624445697869,-71.84621434
1645747310435,-142.427236090565,58.0698542309525,-88.44990666
1645747311435,-153.261974248902,66.8920948041053,-74.46702902
1645747312435,-150.694920273567,67.6401373439896,-84.69779674
1645747313435,-158.263303545999,52.3452200787948,-69.27314897
1645747314435,-169.788490705171,47.1610855061371,-36.0427455
1645747315435,-181.959867312729,47.6194557855612,-11.52572217
1645747316435,-175.577640015219,54.013332744791,-55.30739815
1645747317435,-176.259237103803,65.9198614738273,-28.17587797
1645747318435,-187.288717290145,63.3993798611919,-23.39004845
1645747319435,-195.228880794086,52.5327856411174,-19.78935951
1645747320435,-188.306686971299,59.9277521702546,-20.62272326
1645747321435,-188.837801586842,67.7233764987685,-36.41929206
1645747322435,-194.352541677497,57.2219247054913,-50.57800796
1645747323435,-194.308282127564,67.0641223911216,-39.78541428
1645747324435,-209.11752799211,70.8931235212029,-55.60865708
1645747325435,-193.963057627776,80.6731693040305,-93.25218103
1645747326435,-191.351744099993,83.9583412881368,-107.0179375
1645747327435,-203.567380258741,72.0773392322548,-68.63451616
1645747328435,-212.065214108688,79.3746384867983,-27.27062
1645747329435,-220.235527279574,72.3137384330571,-26.95973752
1645747330435,-218.403181856265,84.3545596655468,-48.41823618
1645747331435,-219.261817150869,83.4877625983042,-68.82858996
1645747332435,-215.446643829952,88.3333912743879,-57.45241486
1645747333435,-222.35113383327,78.8940710983291,-45.56729922
1645747334435,-220.99679156332,88.4932104517842,-42.14906201
1645747335435,-216.030869905162,87.5198672660145,-32.46312132
1645747336435,-220.979087740077,86.8617230138593,-33.16772106
1645747337435,-221.696092472632,99.9036338178336,-39.83531023
1645747338435,-215.871535522386,111.399516049645,-37.37484957
1645747339435,-222.138687987052,115.161925854957,-44.16266353
1645747340435,-215.358124726313,113.901130120499,-47.03625397
1645747341435,-220.501084587975,116.278440387325,-51.11558837
1645747342435,-219.890302779786,123.652319663697,-46.87023859
1645747343435,-226.546939296689,125.476921941403,-45.57992048
1645747344435,-225.024410730455,130.661056514061,-43.77495698
1645747345435,-221.890834498122,133.486748361675,-41.86986705
1645747346435,-229.636255976574,136.159280164842,-37.54441593
1645747347435,-224.794261064768,141.395577940877,-49.02656191
1645747348435,-226.095491871276,142.699658036356,-32.75498038
1645747349435,-222.926507998745,151.682827642397,-42.42917366
1645747350435,-218.482849046395,150.267762008001,-51.07276079
1645747351435,-222.395393383202,153.103442554251,-38.26814565
1645747352435,-219.837191316345,153.642832278259,-44.58554383
1645747353435,-222.705210242793,164.900095599074,-32.72553923
1645747354435,-224.36051746134,169.476029412759,-40.16309724
1645747355435,-218.376626123287,164.870129503164,-37.06660959
1645747356435,-217.641917572519,167.348436611059,-43.86447556
1645747357435,-220.25323110156,169.635848590156,-48.85781824
1645747358435,-209.568975415007,167.431675766626,-52.17461286
1645747359435,-207.860556735534,181.185003881625,-60.04383142
1645747360435,-207.072736722583,177.622368047467,-52.53330162
1645747361435,-207.355997849196,179.633426032004,-57.11847054
1645747362435,-213.32218536778,182.400295544078,-58.82164042
1645747363435,-203.363786324775,198.52871421492,-68.47196893
1645747364435,-204.222421616863,189.794152217724,-56.48919776
1645747365435,-220.262083008779,192.640931318891,-55.94138814
1645747366435,-210.861354314296,197.015981305142,-61.5489509
1645747367435,-213.791336610147,202.007001038018,-59.78594698
1645747368435,-219.739820304229,200.136894689096,-52.66398483
1645747369435,-199.84957794994,198.793969655351,-65.46969308
1645747370435,-198.185418821657,210.640566193357,-73.75233842
1645747371435,-210.825946674098,210.501834268725,-54.2650865
1645747372435,-203.770974195224,218.961152126064,-64.75751189
1645747373435,-212.109473661137,225.474893468144,-42.35932462
1645747374435,-230.716189029645,231.377104483988,-40.82872037
1645747375435,-200.212506270456,234.676704587909,-42.46054996
1645747376435,-208.44478281326,234.913103787923,-49.80043142
1645747377435,-220.784345717103,236.291544195036,-46.49452417
1645747378435,-209.321121928592,234.020780046737,-60.50900022
1645747379435,-217.71273285543,250.671940610789,-42.97808761
1645747380435,-217.47373127875,258.144597018035,-38.94748233
1645747381435,-211.48098803222,250.360071243649,-41.7676096
1645747382435,-223.864810485995,248.213610900167,-36.07026997
1645747383435,-214.853565841233,262.276588671322,-50.64004045
1645747384435,-217.987142073566,259.105731794185,-37.1829656
1645747385435,-225.5201177058,268.445164983878,-27.5958514
1645747386435,-212.569772993769,268.299773927085,-41.66421231
1645747387435,-218.332366573354,275.415056895187,-53.07856999
1645747388435,-219.553930189732,266.762624198067,-32.19487937
1645747389435,-212.587476814496,277.878935882478,-33.62457795
1645747390435,-212.569772993769,279.945486637656,-42.779386
1645747391435,-212.038658378226,288.530218155304,-41.06350466
1645747392435,-211.135763531173,296.128288222858,-36.63164262
1645747393435,-211.472136119969,298.678735931403,-55.02480895
1645747394435,-227.936689206836,290.994097142595,-25.61193321
1645747395435,-218.270403200178,301.141505063992,-29.19622132
1645747396435,-213.109739521562,305.573157675587,-42.06336572
1645747397435,-213.145147159244,299.497809216447,-32.20917805
1645747398435,-219.208705688686,318.799304475409,-35.47326964
1645747399435,-224.236590718762,310.085829730978,-28.62546994
1645747400435,-230.725040936864,323.60053893498,-18.34564113
1645747401435,-222.342281921019,320.670520679822,-30.15084442
1645747402435,-226.998386719586,323.195441714425,-25.39096856
1645747403435,-214.667675725478,324.703735203025,-43.60779587
1645747404435,-213.375296828705,334.823396738706,-39.03682174
1645747405435,-223.900218127451,340.448143905287,-29.50846567
1645747406435,-219.730968393236,342.124025558936,-29.9637804
1645747407435,-216.517724970773,338.400460692679,-31.82822657
1645747408435,-204.257829259576,348.510133529724,-56.13234035
1645747409435,-215.641385852926,353.283621604369,-35.39931559
1645747410435,-217.41176790809,351.084998057509,-36.72378222
1645747411435,-224.546407575837,358.145898111251,-23.0479166
1645747412435,-222.112132254074,357.303517862459,-28.8282661
1645747413435,-214.950936854606,367.859352570886,-32.10174246
1645747414435,-214.747342918124,368.233373840039,-34.25376414
1645747415435,-223.546141717927,364.627453646437,-33.33966628
1645747416435,-208.604117197294,368.965878404617,-46.45929889
1645747417435,-205.541356246614,380.859088869331,-48.39008849
1645747418435,-209.675198338115,373.989083944387,-40.7710349
1645747419435,-212.498957713373,381.226451006323,-30.3923775
1645747420435,-209.967311376979,378.876887125212,-37.54510113
1645747421435,-207.745481901433,384.196424056815,-36.95415561
1645747422435,-211.622618595526,384.156469262268,-37.66795576
1645747423435,-201.389810334386,396.649001642809,-35.22836073
1645747424435,-196.211442832526,390.625816387835,-47.44399763
1645747425435,-199.884985590137,396.202839772216,-40.69595983
1645747426435,-206.134434235334,399.210547905483,-34.09505219
1645747427435,-199.778762667029,396.878741710661,-29.30817623
1645747428435,-201.947480681649,397.270520666893,-35.43285265
1645747429435,-194.414505050673,396.83545734964,-40.71615166
1645747430435,-194.140095831279,404.515656717271,-23.64856972
1645747431435,-195.529845743942,397.392604760727,-34.96588497
1645747432435,-183.809916558023,407.172650544343,-42.01342428
1645747433435,-181.596938990954,404.521205993941,-31.68877316
1645747434435,-177.896840502881,410.941719481816,-43.7884785
1645747435435,-191.218965445164,418.689620028919,-22.21072161
1645747436435,-176.852315092522,416.828392523142,-22.20527689
1645747437435,-174.285261118446,420.231209179115,-26.23244152
1645747438435,-171.966060629526,420.216781058512,-38.52716848
1645747439435,-161.334916406414,425.35319184897,-39.92434609
1645747440435,-160.131056612022,429.566202946842,-38.01138416
1645747441435,-142.347568897919,432.715972572003,-42.25581278
1645747442435,-157.39581634166,420.176826263966,-39.33115152
1645747443435,-149.013057324557,434.87131175863,-37.03340868
1645747444435,-165.495314229636,429.964641036024,-21.80205206
1645747445435,-162.414849459486,443.098669837922,-30.93931529
1645747446435,-158.404934109305,432.920185965124,-24.42915758
1645747447435,-153.589494930478,429.189961966705,-40.63478796
1645747448435,-146.100778848176,435.352989001802,-40.94759468
1645747449435,-148.260644953062,454.809864016982,-24.13494389
1645747450435,-134.203811460011,434.121049507762,-45.42658533
1645747451435,-135.841414856573,449.030846949675,-32.41885378
1645747452435,-149.057316875747,459.293679831955,-31.9169735
1645747453435,-127.910103264883,437.125428075342,-39.9026935
1645747454435,-129.928338803946,441.705801310994,-31.47694262
1645747455435,-115.87150530838,442.488249367966,-26.1875467
1645747456435,-127.795028429523,436.0843837101,9.842485515
1645747457435,-121.713766080612,447.915442272799,-13.68306909
1645747458435,-118.633301310462,452.085169010438,-67.99902833
1645747459435,-93.7682853870219,442.615882738469,-57.94211803
1645747460435,-122.475030361842,459.4290821909,-51.16498416
1645747461435,-103.00082779151,434.520597452436,-8.819914476
1645747462435,-92.4050912098535,447.714558445365,-34.12818983
1645747463435,-99.5131751471378,453.484696669527,-64.4111682
1645747464435,-105.939661997096,445.272876565541,-55.42774642
1645747465435,-103.558498136258,442.539302715852,-32.3064543
1645747466435,-96.7602310560488,436.458404980042,-48.63709324
1645747467435,-76.0202053156327,436.203138238247,-70.70731696
1645747468435,-97.5923106214478,440.726908847766,-39.58273382
1645747469435,-80.3753451656017,438.915624835171,-56.179005
1645747470435,-77.7728835488118,436.593807338987,-54.87411452
1645747471435,-79.4193388576242,437.329641469251,-56.27378929
1645747472435,-76.0733167790739,436.222005780028,-49.14399093
1645747473435,-75.1704219307638,434.147686037985,-62.69175176
1645747474435,-64.5746853503652,434.257561722199,-56.95037601
1645747475435,-66.5663651589662,439.506067907854,-48.26831872
1645747476435,-62.8485628501647,424.877063882468,-51.91960495
1645747477435,-49.3405477896114,418.416595600046,-63.12084737
1645747478435,-58.3872000783451,422.796085008264,-48.06084462
1645747479435,-50.4116289329483,415.055953449602,-50.73549784
1645747480435,-48.9333599204206,425.542977122276,-63.23647493
1645747481435,-48.7032102509597,425.618447290191,-57.17524183
1645747482435,-48.2694666513062,422.434272147941,-49.99235056
1645747483435,-35.8236808243549,411.916172523078,-51.02654016
1645747484435,-26.3609887541796,424.083517272156,-68.2528881
1645747485435,-41.2853094553425,405.706531561273,-71.35561631
1645747486435,-28.5739663199907,419.06808072004,-51.57917792
1645747487435,-24.564050972326,412.850670769793,-56.18016226
1645747488435,-20.200059215138,401.266000106532,-68.70350615
1645747489435,-19.6512407776092,397.13067888677,-61.57649755
1645747490435,-11.6579658127427,404.209336626801,-60.10621233
1645747491435,-11.5428909798991,405.467912650276,-57.5430715
1645747492435,-11.3038894032192,398.948622031526,-69.39930435
1645747493435,-10.330179273256,402.739888077256,-57.8193084
1645747494435,7.64805046507809,401.091752808533,-73.95307583
1645747495435,-0.15933438403393,386.621458105051,-63.62853805
1645747496435,8.32079564644322,388.99432894991,-76.20956478
1645747497435,1.7526782319211,395.217288176827,-57.37151532
1645747498435,7.37364124568475,388.884453265697,-59.53851501
1645747499435,20.6426547270423,388.411654864881,-57.35207895
1645747500435,22.1474794712907,387.086487517425,-67.21743563
1645747501435,15.6944368921279,386.45830936118,-57.66099642
1645747502435,18.4916405356653,387.538198665477,-64.11010182
1645747503435,31.0436492832094,374.44079509165,-58.16138767
1645747504435,14.9597283401026,382.991121092209,-56.35729184
1645747505435,36.9301696053736,377.207664603724,-49.34450452
1645747506435,15.8360674554341,382.165388675005,-46.3741765
1645747507435,19.9964652786557,375.078961946532,-59.76829731
1645747508435,42.1262409292186,374.370874201194,-65.60831998
1645747509435,31.9908036801941,375.36641449522,-37.1584135
1645747510435,47.5524619200087,371.861491142686,-65.16103111
1645747511435,36.9921329785497,374.436355670471,-51.143797
1645747512435,31.2118355782362,371.779361842611,-31.4133722
1645747513435,30.999389732019,371.80932793852,-46.14953019
1645747514435,53.4832417921053,359.289049173053,-49.46088311
1645747515435,49.4467707152359,364.870511978613,-53.93693907
1645747516435,47.4816466370976,358.387846587934,-46.27939968
1645747517435,55.8201461030106,357.655342024145,-54.77618484
1645747518435,57.5639724226809,352.263664491891,-43.44462685
1645747519435,65.663470313172,353.592161405822,-66.60793714
1645747520435,68.9475290185461,345.988542060809,-52.00405021
1645747521435,67.964966980106,353.536668635181,-46.04216568
1645747522435,68.88556564537,352.773088120778,-41.03922423
1645747523435,78.3305538960755,346.002970181412,-45.61713101
1645747524435,85.5360088454755,346.930809295966,-62.7469159
1645747525435,93.0512806582402,347.633347763845,-76.60626689
1645747526435,85.9431967184401,345.78543852318,-48.28152397
1645747527435,88.7758080021751,337.248430786943,-43.10845408
1645747528435,93.5646914530555,342.500266539073,-53.4376154
1645747529435,94.5826611342091,338.525874352199,-68.80002508
1645747530435,106.054736829939,326.326343797016,-45.95829779
1645747531435,104.930544226935,328.177582604156,-27.29023557
1645747532435,114.189642358112,327.695905360984,-32.92701759
1645747533435,113.030042116168,341.333808514311,-91.04892504
1645747534435,99.4335079557498,326.97782891701,-35.26509416
1645747535435,121.147243824871,319.201072130277,-15.46307135
1645747536435,125.112899621345,324.092204877577,-48.64436085
1645747537435,116.738992515235,313.028056396543,-3.852449902
1645747538435,118.890006706612,324.875762790041,-30.66481938
1645747539435,122.058990581658,310.793917476316,-20.01743332
1645747540435,128.166808661032,314.097957001415,-9.118253096
1645747541435,131.849203328378,319.580642676889,-15.92271839
1645747542435,136.850532626734,316.168947177771,-39.7465182
1645747543435,137.744575561535,306.699660906591,-15.44057775
1645747544435,134.796889444957,307.331168628523,-8.551869507
1645747545435,145.330662655953,310.402138520084,-33.31389547
1645747546435,145.755554348388,296.345819881091,-8.992481907
1645747547435,153.173455145263,295.964029623495,-5.440756703
1645747548435,151.358813545197,287.353771431116,-20.28824807
1645747549435,148.003939554396,295.946271937206,-7.554745886
1645747550435,150.181509478752,299.281387413706,-30.96020336
1645747551435,161.13132247119,292.247123889399,-24.78443111
1645747552435,157.723337020721,292.823138842267,-21.25615117
1645747553435,159.635349636676,287.405934635282,-32.01828444
1645747554435,157.484335444041,278.326207609351,0.870078275
1645747555435,170.000936551388,270.944559344537,-20.06222797
1645747556435,169.699971601532,276.478298367897,-26.36610182
1645747557435,163.583301612423,274.850140496447,-29.59230097
1645747558435,168.443000344956,260.70170385953,-25.63792499
1645747559435,167.548957410155,274.632608838215,-67.09771919
1645747560435,156.873553635852,261.087933538303,-24.38776582
1645747561435,160.502836841015,262.661708495392,-39.14262736
1645747562435,171.133981065385,254.152447144871,-40.54764761
1645747563435,168.894447770369,264.899176981306,-40.91104927
1645747564435,169.053782153145,269.592755467647,-52.90558351
1645747565435,174.019703808787,249.353432395495,-41.79210799
1645747566435,167.168325267653,252.517630140471,-55.14896048
1645747567435,171.691651410133,239.812005522876,-34.74396958
1645747568435,172.30243321958,238.009600354215,-27.6998951
1645747569435,169.496377668823,241.686551293764,-35.53219849
1645747570435,168.071220115963,240.555608640793,-38.60471823
1645747571435,171.80672624675,237.827584068562,-39.36711541
1645747572435,171.461501744446,234.969706414056,-54.88938247
1645747573435,160.856913253054,225.729050354448,-41.19509707
1645747574435,163.963933752409,229.764484588633,-34.09302779
1645747575435,163.308892396803,220.529377806483,-38.09640921
1645747576435,160.060241329111,228.761175306954,-57.21007414
1645747577435,156.315883287331,219.288559469299,-42.30155094
1645747578435,152.005002991068,209.286542605484,-44.46937508
1645747579435,154.474685954287,215.115503165974,-45.99408739
1645747580435,156.023770250983,216.6038192573,-65.63479093
1645747581435,157.625966007347,206.07018165713,-50.86499679
1645747582435,148.597017541857,205.274415335046,-59.97202608
1645747583435,145.631627603293,191.897328200973,-35.09459282
1645747584435,148.54390608219,192.563241440781,-52.42190535
1645747585435,137.806538934711,194.059326519761,-70.01134114
1645747586435,149.260910813488,191.985006777719,-51.01602865
1645747587435,158.33411882891,172.23512993718,-27.42170605
1645747588435,152.969861211296,177.860986958464,-36.88465443
1645747589435,152.075818273979,173.551418441491,-51.06993122
1645747590435,153.031824584472,173.563626850322,-27.02110568
1645747591435,151.535851748701,176.442591757593,-54.5266477
1645747592435,144.029431849445,160.366336290918,-32.95856549
1645747593435,139.762811100599,164.643719001787,-59.59539103
1645747594435,147.375453927995,167.718018459823,-58.84153292
1645747595435,149.730062055855,167.183068156993,-62.35504549
1645747596435,144.197618141956,149.126830656393,-30.01843647
1645747597435,148.189829670151,150.024703675037,-60.67129316
1645747598435,146.021111658046,147.133530358146,-17.20402061
1645747599435,151.792557144851,134.826343829733,-19.71837125
1645747600435,158.378378378843,143.370010697343,-28.11587442
1645747601435,149.181243620842,131.571137941536,-32.7560387
1645747602435,150.447066787152,127.291535519684,-61.88450594
1645747603435,167.770255166107,125.7632646346,-16.83405679
1645747604435,157.661373647545,127.299304507337,-40.3584929
1645747605435,163.51248633077,125.978576581849,-57.44695812
1645747606435,142.692793398966,117.511489736068,-53.3932883
1645747607435,141.67482371907,109.712535841868,-56.1749341
1645747608435,174.161334374609,105.126613329546,-17.8184811
1645747609435,161.715548547658,107.553867088766,-48.36181974
1645747610435,148.906834401448,112.497163039443,-77.32481143
1645747611435,157.935782866938,105.864667170005,-44.50261005
1645747612435,176.241533285591,106.046683455658,-42.99483201
1645747613435,147.711826514275,90.912695223351,-39.50819777
1645747614435,156.121141264357,105.617169415863,-57.12813232
1645747615435,151.181775336662,100.013509502047,-54.17824705
1645747616435,155.57232282557,95.5174852774543,-46.05816968
1645747617435,156.997480378431,85.024912327322,-40.32814717
1645747618435,153.500975826839,80.5766118849285,-23.96293331
1645747619435,135.673228560288,75.9019009403693,-64.6462798
1645747620435,143.516021050856,78.5644440449,-56.84713253
1645747621435,144.109099039575,72.8497985905902,-38.83529015
1645747622435,146.180446040822,70.8498391601816,-49.72360984
1645747623435,152.16433737636,65.4159871223985,-26.69578053
1645747624435,134.557887869535,67.3204989884084,-42.16000804
1645747625435,129.928338802688,60.7568141539344,-32.1731247
1645747626435,136.762013523095,58.26629863642,-27.08852902
1645747627435,136.567271497606,62.7478947411981,-42.29942484
1645747628435,127.529471122381,54.854603137302,-31.92165139
1645747629435,137.116089933876,59.6769248496376,-26.72014643
1645747630435,123.369073299159,44.5296183530078,-22.89422791
1645747631435,113.153968857489,62.1729896438218,-38.98168357
1645747632435,113.269043692848,44.1345098303009,-50.27673502
1645747633435,116.3141008228,53.5882581261744,-38.60419024
1645747634435,123.20088700539,36.5797241237674,-24.35497726
1645747635435,118.243817258225,47.3020371417519,-32.89802203
1645747636435,100.929480789005,40.0446926817546,-14.17364319
1645747637435,95.432444519078,34.4343736357772,-39.69970988
1645747638435,101.35437248144,42.8559564095533,-71.23729328
1645747639435,96.0697820564718,39.2711234679274,-43.19359516
1645747640435,109.188313062272,41.9680720895459,-32.53597356
1645747641435,98.6014283916086,41.0036077477096,-93.88504962
1645747642435,87.1116488726348,38.163487779493,-101.0098767
1645747643435,85.7573066026855,36.9948100429589,-44.57200173
1645747644435,87.1913160652808,36.0813990490085,-97.39038498
1645747645435,76.6663947640194,28.2402706492786,-77.7072425
1645747646435,77.5604377013366,27.7552638396313,-47.46285886
1645747647435,71.9483265973079,31.62976904014,-58.14756085
1645747648435,78.1977752399883,29.9383494111844,-79.526886
1645747649435,86.9965740397913,35.2079428496044,-17.0581082
1645747650435,69.2130863269466,17.279338720297,-71.97508471
1645747651435,63.7691615166868,33.689660662368,-99.42702319
1645747652435,69.4874955438241,28.65535656847,-67.95083028
1645747653435,51.9872689588498,26.6187719099902,-30.81587996
1645747654435,59.6353194239278,26.698681498294,-23.07190746
1645747655435,59.6618751543905,27.5044365190143,-57.14355291
1645747656435,57.1302288205116,25.2336723707155,-47.27370052
1645747657435,51.5092658042321,23.1127387019651,-52.70572584
1645747658435,37.6471743366712,17.6222840388378,-43.47560305
1645747659435,45.4280034553205,10.3582804466789,-27.31753029
1645747660435,32.9733657211501,4.51378191088259,-39.39656265
1645747661435,40.3558588765698,15.8997884576921,-67.72822727
1645747662435,43.091099146931,4.28959112048881,-37.84115609
1645747663435,27.8038501277677,-4.75573038835471,-78.57371859
1645747664435,30.9020187199032,-6.73682227698192,-71.90754209
1645747665435,26.7416208966816,-2.49939436065926,-54.25500875
1645747666435,21.1118059719251,3.93221768134475,-55.42872109
1645747667435,15.8626231884126,-3.86895592383896,-52.62767877
1645747668435,20.9436196768983,-7.13637022165557,-36.99635411
1645747669435,18.8899764976371,-4.09425657051302,-42.31156481
1645747670435,6.76285943749572,-4.02766524653218,-48.56697769
1645747671435,14.6676153012394,-0.455040714526257,-27.55184464
1645747672435,-18.518196266128,-2.80682430662053,-73.83100467
1645747673435,3.16898387253063,-1.00552899266274,-42.49121508
1645747674435,-4.44365895234985,-6.92105827361807,-50.9022412
1645747675435,-5.11640413119911,-4.59369149997504,-34.68115321
1645747676435,5.67407447594692,-1.88786403521175,-48.2775517
1645747677435,12.711343132836,-5.34506360554573,-49.98502872
1645747678435,-19.2086452644471,-13.2283665108053,-51.99785022
1645747679435,-8.18801699035605,-9.43821032056707,-56.74844729
1645747680435,-19.1201261620662,-9.86106522820029,-50.20683041
1645747681435,-22.0678122786447,-10.2850299905366,-58.73944222
1645747682435,-32.5838816689132,-13.7866237773835,-55.47884354
1645747683435,-20.5187279844639,-1.57266510159728,-53.34098264
1645747684435,-33.3451459514013,-16.9419426792147,-47.17612317
1645747685435,-31.0082416430118,-10.2639427377718,-47.76961113
1645747686435,-33.371701680606,-11.0841258783067,-50.13177553
1645747687435,-38.6031806446487,-10.9120982912905,-41.59273631
1645747688435,-51.0401145618651,-16.2183169585703,-38.3642601
1645747689435,-28.3438166555616,-8.44045031634612,-20.03670325
1645747690435,-37.2399864649645,-12.7067344730868,-35.97689598
1645747691435,-45.383743905388,-12.2616824579857,-43.86039711
1645747692435,-53.6071685359416,-4.61477875273983,-59.19724319
1645747693435,-49.9247738685957,-2.27631342496856,-57.84749587
1645747694435,-57.785270179891,-13.4070532307716,-48.03692065
1645747695435,-60.6267333733609,-19.7332290097402,-24.37317242
1645747696435,-63.901940171516,-5.17636558500456,-58.1619309
1645747697435,-72.9308886357481,-19.9219044275545,-23.56203231
1645747698435,-64.7782792855896,0.275244139068246,-74.23947366
1645747699435,-62.4856345283906,-19.7287895877735,-83.33537079
1645747700435,-70.4612056725294,2.4616592763078,-61.09037421
1645747701435,-73.4797070720189,0.470578689044037,-85.71812265
1645747702435,-92.298868286745,-1.85012895164889,-71.45565776
1645747703435,-86.9080549361525,2.86009736548977,-92.53856259
1645747704435,-93.8745083101305,-9.86328493839505,-49.76114381
1645747705435,-88.2978048475573,1.62371844948316,-63.56325177
1645747706435,-89.2626630665277,16.2549421858528,-84.00485515
1645747707435,-92.5378698634249,12.8476861087016,-84.73213148
1645747708435,-101.009147982909,-8.14633863549644,-30.37891748
1645747709435,-102.01826575307,2.47497754141941,-42.88590009
1645747710435,-102.15989631386,16.893109040735,-59.76376485
1645747711435,-106.231775034701,9.50813121023437,-45.68367335
1645747712435,-106.700926279584,18.5035092258951,-43.96284907
1645747713435,-112.259925922687,17.5878785209614,-52.80610689
1645747714435,-101.469447315541,30.5920542413729,-75.64927826
1645747715435,-115.225315858736,23.682094521883,-64.64684376
1645747716435,-110.967547025914,35.8882842092275,-77.41323286
1645747717435,-109.834502511917,39.1301718323126,-103.9012698
1645747718435,-113.578860549923,17.4768929812562,-53.23501856
1645747719435,-115.092537206422,34.954895818004,-87.9251693
1645747720435,-128.211068212223,33.1957750095758,-43.7406961
1645747721435,-128.609404174195,25.8252252988899,-56.98313074
1645747722435,-123.847076455035,41.0369034093058,-80.32008761
1645747723435,-133.371731893354,34.6052913673018,-52.78751433
1645747724435,-137.983577138215,36.9370975621229,-55.67465473
1645747725435,-140.75422505129,48.4707148774975,-62.37258777
1645747726435,-137.841946574909,47.8269987459455,-66.89105229
1645747727435,-145.578516143626,42.0601900882582,-47.7469979
1645747728435,-141.49778551305,64.4282158168142,-64.57016992
1645747729435,-149.083872604952,57.2818568973106,-56.50928993
1645747730435,-146.065371206721,57.2030571637099,-74.32650624
1645747731435,-144.109099039575,62.8943956542714,-85.66927265
1645747732435,-148.915686311183,59.5393027804978,-71.58853821
1645747733435,-159.343236597813,57.2951751616337,-47.02747014
1645747734435,-159.626497726941,66.7877683965616,-57.393792
1645747735435,-162.59188766299,68.6911704078684,-38.83955569
1645747736435,-167.008990884877,63.8866063818226,-37.76479522
1645747737435,-176.790351719346,61.0975397614918,-32.59968906
1645747738435,-178.082730618635,62.3494566528048,-30.53965183
1645747739435,-191.148150164768,50.7559071456109,-27.41153306
1645747740435,-183.871879928684,52.8635225500383,-42.83929228
1645747741435,-182.668020134291,61.5703381623078,-42.83001872
1645747742435,-185.323593212007,67.2428091110879,-59.85367391
1645747743435,-190.88259285511,64.2972528798359,-33.20110079
1645747744435,-192.776901651595,61.684653268488,-37.5843915
1645747745435,-205.682986809921,60.4116491244102,-61.65311423
1645747746435,-194.865952472312,72.677771003574,-58.51751568
1645747747435,-204.603053759365,71.4547103534676,-39.03523339
1645747748435,-204.098494874284,71.3625923547553,-54.81102061
1645747749435,-209.958459467244,80.0427714375901,-54.26777505
1645747750435,-216.101685188073,78.7009562585481,-40.43391086
1645747751435,-215.667941585904,82.0793560960699,-41.76600829
1645747752435,-213.950670994181,85.9438725979422,-66.78727455
1645747753435,-224.086108243205,91.1834999412411,-62.93266581
1645747754435,-219.199853777693,106.092187526874,-51.69513456
1645747755435,-219.430003447154,90.5020487253377,-50.60137481
1645747756435,-227.989800667761,83.8706627113912,-43.66235685
1645747757435,-213.711669417501,88.9293836237404,-31.30190358
1645747758435,-218.90774073883,108.736972945115,-57.31938517
1645747759435,-221.758055844551,108.86571617111,-33.60286865
1645747760435,-214.499489429193,112.89227156215,-40.56123438
1645747761435,-219.677856933569,119.057518308231,-53.89958607
1645747762435,-221.474794715422,119.559172948676,-33.87034653
1645747763435,-219.739820304229,121.661239076434,-51.93217123
1645747764435,-223.448770704553,118.152986157425,-42.66907275
1645747765435,-225.210300846209,128.481300508195,-45.03771614
1645747766435,-222.050168883414,125.590127192092,-38.47050394
1645747767435,-223.59040126786,138.927259531619,-24.04523175
1645747768435,-218.252699380708,140.566515957197,-39.93733805
1645747769435,-224.794261064768,135.910672555208,-38.10534258
1645747770435,-212.552069173041,144.959323629738,-56.94311709
1645747771435,-218.022549713763,147.35217187187,-43.86075331
1645747772435,-231.875789271589,150.202280538723,-30.59110259
1645747773435,-220.50993649771,148.998087430398,-48.49252273
1645747774435,-212.20684467451,155.684966214198,-59.37865413
1645747775435,-222.891100356032,153.641722423556,-50.15366141
1645747776435,-225.812230742148,152.131209223973,-32.15136372
1645747777435,-212.622884455952,161.487290244464,-52.84162274
1645747778435,-218.84577736817,159.6704569552,-50.85435933
1645747779435,-210.95872532767,171.601402503476,-70.96584798
1645747780435,-208.975897428804,174.647955576586,-64.87988727
1645747781435,-210.702019929004,171.013179141777,-57.15203508
1645747782435,-193.166385703832,177.132921816642,-77.47324737
1645747783435,-211.153467350643,169.882236489594,-56.20668527
1645747784435,-208.754599672851,181.479115562475,-59.61723508
1645747785435,-213.313333455529,183.722133325059,-61.4262956
1645747786435,-218.17303218932,183.748769855282,-63.43997638
1645747787435,-205.11646455418,188.968419800519,-68.08519944
1645747788435,-211.507543762682,191.636512181719,-59.4211705
1645747789435,-214.64997190475,198.182439329904,-58.70787299
1645747790435,-216.057425638141,207.118995010025,-56.76787443
1645747791435,-207.568443695413,200.002602185643,-75.83937135
1645747792435,-206.205249518245,217.54053721421,-43.70011271
1645747793435,-211.144615443424,221.400614294904,-40.25112832
1645747794435,-208.312004157173,217.200921462144,-51.04374184
1645747795435,-214.08344964901,222.623674945799,-48.87017718
1645747796435,-211.578359045593,230.36935578113,-60.1338938
1645747797435,-209.453900580905,222.721342221181,-41.78766569
1645747798435,-213.596594584657,232.134025867017,-44.90615783
1645747799435,-209.737161710034,240.92075106759,-45.88083482
1645747800435,-207.612703249119,247.586542599413,-33.90349096
1645747801435,-216.145944739264,247.895082400078,-36.94811663
1645747802435,-219.199853777693,246.173696675212,-46.36885606
1645747803435,-218.721850625591,251.404445174578,-35.96517689
1645747804435,-219.093630854584,258.022512924201,-43.41888565
1645747805435,-222.572431586706,258.560792792718,-34.71146614
1645747806435,-218.075661177205,258.645141802988,-43.0019506
1645747807435,-223.563845537397,262.620643845354,-36.16411974
1645747808435,-214.818158198519,265.603935160169,-50.55416129
1645747809435,-210.002719019692,267.011231807701,-46.3407508
1645747810435,-214.995196407055,272.970045449677,-47.78318367
1645747811435,-210.763983300922,276.385070514482,-34.20740354
1645747812435,-222.050168883414,286.455898413261,-38.76080112
1645747813435,-216.030869905162,289.24274532182,-42.06271868
1645747814435,-217.801251957811,289.007455977298,-37.20095845
1645747815435,-215.411236187238,290.795433026144,-38.09057014
1645747816435,-211.755397251613,297.48675123191,-34.9294655
1645747817435,-218.412033766,298.573299668368,-34.90410266
1645747818435,-219.376891983713,300.72530928852,-36.58864236
1645747819435,-217.703880944437,303.993833441039,-37.52962976
1645747820435,-221.837723035938,308.247909188949,-33.14745878
1645747821435,-215.765312599278,311.507554498324,-40.219385
1645747822435,-219.925710419983,319.096745722733,-26.6121166
1645747823435,-221.589869549524,320.941325396924,-32.84173483
1645747824435,-217.190470149622,322.265382888888,-39.28836131
1645747825435,-210.277128236569,325.846886264827,-45.10342812
1645747826435,-218.527108598844,322.549505871889,-33.23613016
1645747827435,-223.254028677806,329.723611176319,-27.31026571
1645747828435,-212.074066020939,343.300472282335,-42.1195401
1645747829435,-214.269339763506,339.75892370173,-42.30798551
1645747830435,-217.155062509425,340.036387551782,-38.91592519
1645747831435,-222.076724613876,345.496876119,-33.22115039
1645747832435,-217.792400048076,350.593332114912,-27.63490752
1645747833435,-227.87472583366,347.739893882372,-28.03696194
1645747834435,-216.190204291712,356.118192295916,-41.17464048
1645747835435,-220.75778998664,357.9472339948,-30.32689639
1645747836435,-216.827541830364,362.27345034336,-35.72868067
1645747837435,-210.409906888883,363.240134396179,-38.78651422
1645747838435,-221.642981011707,363.284528612692,-38.46415214
1645747839435,-212.835330302169,367.635161779703,-42.81080346
1645747840435,-212.578624903503,364.206818449787,-47.10212779
1645747841435,-212.569772993769,371.708331097452,-41.47061464
1645747842435,-210.144349582998,382.472818620177,-25.31341204
1645747843435,-215.924646982054,374.224373288909,-32.08806468
1645747844435,-209.055564618934,381.30303102894,-37.84148798
1645747845435,-206.700956491074,383.086568656608,-43.53840512
1645747846435,-207.692370441765,388.303998891651,-28.6726756
1645747847435,-203.461157335633,385.991060237822,-40.64952547
1645747848435,-204.656165221548,394.043061163623,-33.59515682
1645747849435,-200.823288078645,392.543646518957,-43.02530459
1645747850435,-200.752472795734,398.256072261494,-22.47112217
1645747851435,-196.662890255423,389.635825371267,-47.10869256
1645747852435,-189.422027662052,401.118389337967,-43.03856458
1645747853435,-194.131243921544,400.091773093329,-48.0550057
1645747854435,-196.184887102064,405.264809111858,-38.13662588
1645747855435,-191.891710626529,407.238132012832,-39.42029155
1645747856435,-189.147618445175,406.730928094928,-34.66176709
1645747857435,-192.024489278842,410.745275076349,-43.43877395
1645747858435,-180.100966157699,412.373432947799,-38.63860355
1645747859435,-173.96659234912,417.797296286945,-38.67918522
1645747860435,-175.161600232519,407.818586386878,-46.28888686
1645747861435,-174.55081842433,416.478788071651,-40.86254854
1645747862435,-175.179304053247,425.831539526456,-27.13337025
1645747863435,-172.532582885267,423.993618984427,-51.54634369
1645747864435,-159.130790751596,425.801573430546,-41.9866392
1645747865435,-162.11388450963,431.239864890296,-42.94906492
1645747866435,-157.608262187878,428.792633733803,-48.5537265
1645747867435,-157.65252173781,432.614975730146,-33.79090197
1645747868435,-158.466897482481,429.646112535934,-42.2301675
1645747869435,-149.464504747454,436.477272521823,-40.76836164
1645747870435,-150.836550838131,438.430618025524,-40.76904643
1645747871435,-143.914357014086,439.860111780523,-42.35241114
1645747872435,-143.020314079284,440.63368099435,-47.39453973
1645747873435,-141.285339666833,443.254049593351,-44.99890993
1645747874435,-145.84407344951,444.316181211358,-43.67503308
1645747875435,-133.132730316674,446.400489652038,-48.94641838
1645747876435,-141.108301460813,448.4870178037,-41.88392875
1645747877435,-138.257986357609,450.370442417734,-30.61172846
1645747878435,-119.925680208493,443.741276113982,-56.5069552
1645747879435,-130.654195442463,452.599032060503,-36.80263167
1645747880435,-127.883547531904,454.998539434797,-42.48810849
1645747881435,-131.070235227678,446.391610808893,-49.66899498
1645747882435,-117.916296579164,448.959816204516,-45.05099425
1645747883435,-108.338529678661,450.14514177106,-50.65909957
1645747884435,-105.010211419581,451.429244468477,-43.65315308
1645747885435,-100.557700560012,454.230519498428,-53.72223613
1645747886435,-100.894073148808,445.408278924487,-37.62733355
1645747887435,-105.576733677837,440.017711247725,-36.42065534
1645747888435,-101.106518995025,446.641328274018,-47.83259436
1645747889435,-98.4155382758541,436.225335346503,-51.52094946
1645747890435,-91.6261231053798,443.044286922772,-55.96854365
1645747891435,-114.924350912653,448.233970772889,-50.4908849
1645747892435,-92.5732775036224,441.549311699284,-44.73402945
1645747893435,-86.5274227974243,439.604845038728,-44.05193319
1645747894435,-82.5086555375089,424.311037629025,-54.27603345
1645747895435,-81.7827988952185,432.498440913771,-46.64794669
1645747896435,-77.604697252527,436.592697483495,-42.64704765
1645747897435,-66.2122887481848,428.282100249424,-56.30064076
1645747898435,-68.3455991213499,427.103433815042,-41.46556896
1645747899435,-61.0162174255977,424.984719856487,-56.7310961
1645747900435,-53.5097975238258,429.761537497606,-55.32405283
1645747901435,-60.9011425914963,424.167866282427,-47.05894747
1645747902435,-60.2992126930422,432.162154727392,-46.08636338
1645747903435,-56.3335568990838,426.793784158098,-40.54988053
1645747904435,-57.7321587189656,424.668411067381,-31.57475854
1645747905435,-51.960713229645,418.680741184986,-42.64955502
1645747906435,-50.0132929709765,416.461030385362,-45.43058042
1645747907435,-40.6125642764932,415.417766309925,-47.07942694
1645747908435,-41.9846103646544,419.786157163226,-36.11734453
1645747909435,-43.2504335334808,416.545379396421,-48.66912011
1645747910435,-38.8510341323214,416.362253255276,-39.89316894
1645747911435,-38.1428813120166,411.515514723701,-38.29288343
1645747912435,-29.7866780266338,417.189095527973,-29.65830727
1645747913435,-20.2266149456007,406.011741796251,-51.73186259
1645747914435,-21.4039190095303,399.885339988436,-51.22901361
1645747915435,-13.2601615716226,402.739888077256,-51.68687417
1645747916435,-19.5538697667514,407.29695434916,-43.44484196
1645747917435,-11.7464849151235,390.642464218633,-46.91801698
1645747918435,-0.575374165475537,391.047561439977,-66.47747334
1645747919435,9.28565386163978,396.643452366139,-60.02767082
1645747920435,11.4189642360628,396.374867359233,-61.8977303
1645747921435,7.13463966900485,393.356060671838,-56.01840713
1645747922435,-8.79879879980296,395.979758836526,-48.34693441
1645747923435,0.78782001169281,386.684719863345,-52.82460103
1645747924435,5.69177829919056,393.796673264973,-35.94951025
1645747925435,1.8943087952273,388.187464074487,-27.09021217
1645747926435,20.2797264052681,395.821049514621,-36.17232632
1645747927435,35.1420837357708,379.133263722499,-55.30969386
1645747928435,26.0423199848538,380.299721747261,-49.96187692
1645747929435,28.1048150788817,375.740435765162,-57.115314
1645747930435,35.0624165418669,375.418577699386,-54.9539004
1645747931435,18.3942695197758,382.512773414723,-38.4649895
1645747932435,21.6871801374007,380.187626352064,-41.50054665
1645747933435,31.5305043475621,368.124608011318,-45.92645663
1645747934435,31.9199883997989,374.288744901907,-40.84935164
1645747935435,37.7888049024932,367.998084495517,-41.6978651
1645747936435,30.848907256462,366.325532408343,-37.20941659
1645747937435,41.7190530575119,365.498690134858,-30.46423989
1645747938435,35.513863964764,371.852612299542,-15.74247143
1645747939435,54.3241732672393,360.351180790272,-53.37524178
1645747940435,39.8247442610267,362.884980668807,-33.90773718
1645747941435,59.7680980774991,362.568671879701,-52.40314594
1645747942435,50.3054060098398,359.14920739293,-44.12696168
1645747943435,60.0690630273552,361.650821463784,-38.69992773
1645747944435,57.3161189362661,361.020423596555,-41.90623047
1645747945435,69.036048122185,355.620977076648,-48.10483287
1645747946435,61.4676648497528,347.532350921988,-28.17757034
1645747947435,59.6530232446556,356.433391228741,-44.2897675
1645747948435,66.9381453904754,350.654374162223,-48.24802125
1645747949435,71.0542836599907,343.452522472078,-41.39244292
1645747950435,85.8546776148013,348.192714885126,-47.47330006
1645747951435,90.7055244401158,340.998632183424,-53.08990292
1645747952435,77.0381749967864,344.797667216807,-45.07133898
1645747953435,82.809620486107,344.534631487358,-42.90601058
1645747954435,91.0861565788439,346.598962530764,-34.86704635
1645747955435,89.8114815027985,339.057495089343,-43.41891144
1645747956435,101.097667082774,332.261850476033,-50.38575576
1645747957435,102.788381944035,330.166443480437,-42.34995816
1645747958435,103.487682853347,333.512657511066,-41.61328132
1645747959435,104.240095227358,325.111052134563,-47.7042346
1645747960435,99.9380668408302,337.623561912377,-30.55247765
1645747961435,112.436964128707,330.426149644199,-51.91937992
1645747962435,132.380317943921,323.631614886381,-62.65670704
1645747963435,124.192300953565,318.000208587639,-50.45554639
1645747964435,115.101389116157,324.427381208465,-45.41097201
1645747965435,114.587978320084,326.051099657948,-39.81200461
1645747966435,137.116089933876,314.840450263841,-43.70409782
1645747967435,132.22098355863,308.648566988326,-25.9847647
1645747968435,127.113431339681,314.657324123485,-13.97639589
1645747969435,142.391828450367,310.531991601571,-24.0540542
1645747970435,136.549567678136,308.297852682132,-32.28023627
1645747971435,136.708902060912,315.660633404376,-43.05481658
1645747972435,149.287466542692,302.383433255879,-73.2255736
1645747973435,158.732454790882,317.024645690886,-75.48041317
1645747974435,148.933390131911,309.004830571978,-55.32428416
1645747975435,146.95941414278,298.305824516953,-37.12406081
1645747976435,153.492123917104,301.250270892713,-47.95164904
1645747977435,150.172657567759,303.252450034105,-50.88239186
1645747978435,148.605869451592,296.838595678391,-32.77387059
1645747979435,155.935251147345,296.222625931765,-33.72095084
1645747980435,160.679875047035,292.780964336738,-24.02126032
1645747981435,158.157080622891,297.026161241502,-33.65170474
1645747982435,163.742635996457,274.892315001977,-35.78225617
1645747983435,157.723337020721,291.089544706994,-52.62113396
1645747984435,158.174784443618,286.367109981024,-44.58330444
1645747985435,156.749626892016,277.117575078271,-45.59068524
1645747986435,158.130524892428,276.382850803498,-39.72567521
1645747987435,156.006066430256,268.779231459274,-36.2888114
1645747988435,164.096712408496,274.470569949835,-43.1788149
1645747989435,164.672086573971,273.851270636734,-58.22836281
1645747990435,163.494782510042,256.846066200014,-30.67209491
1645747991435,163.716080265994,264.135596466116,-40.98456787
1645747992435,166.185763230471,258.994746254479,-42.84971362
1645747993435,158.626231867773,254.907148816916,-31.30358718
1645747994435,169.655712051599,255.566402924563,-38.88588985
1645747995435,169.142301256784,253.261233258388,-40.98668847
1645747996435,169.080337883608,246.102665929265,-43.58234158
1645747997435,175.444861361648,239.667724321574,-41.49614238
1645747998435,174.453447410957,247.925048495987,-62.81392959
1645747999435,166.823100769122,240.568926905905,-47.39046664
1645748000435,161.945698214603,230.602425415458,-43.5139891
1645748001435,168.06236820497,235.620081677769,-33.37481676
1645748002435,162.644999125173,229.525865677636,-40.00385341
1645748003435,159.369792329534,221.679188000448,-30.47642094
1645748004435,163.928526112211,222.481613454693,-35.81523726
1645748005435,155.218246416047,215.776976983815,-29.75062059
1645748006435,154.873021917516,221.931125176556,-53.04238703
1645748007435,154.678279890769,207.100127468244,-26.41385394
1645748008435,156.607996326194,224.828957625609,-41.22962559
1645748009435,153.669162123124,208.328737395809,-38.03579986
1645748010435,150.234620938419,187.495641685287,-12.75962701
1645748011435,158.148228713156,196.189139031657,-17.43052388
1645748012435,159.573386266016,195.385603722708,-28.29332053
1645748013435,148.234089220083,212.387478592954,-73.27765748
1645748014435,144.764140398955,185.339192643169,-43.04461164
1645748015435,151.252590622089,187.192651160504,-30.2436558
1645748016435,144.410063988173,193.606505516218,-60.23928336
1645748017435,153.208862787976,175.532510330118,-47.13839002
1645748018435,140.09918369191,172.357214031014,-38.54612773
1645748019435,157.891523315748,165.37289399989,-18.50125405
1645748020435,139.966405038339,168.124225535869,-59.32637006
1645748021435,152.022706813054,166.14757306842,-39.04207474
1645748022435,142.710497219693,162.047767222026,-39.61816547
1645748023435,151.031292863621,155.85477409023,-42.14378111
1645748024435,143.577984424032,164.524964474429,-39.33399304
1645748025435,153.093787955133,148.507531343293,-37.91867313
1645748026435,153.182307057513,148.939265094071,-27.9185301
1645748027435,148.38457169564,146.327775338215,-40.71657135
1645748028435,156.749626892016,139.208052948146,-40.35983947
1645748029435,158.033153879054,152.254403173298,-38.71648809
1645748030435,142.772460590354,130.914103544873,-30.50793626
1645748031435,145.773258169115,129.156092591936,-50.87295167
1645748032435,164.397677357094,121.575780210671,-20.29901179
1645748033435,160.440873470355,127.466892673176,-36.10740513
1645748034435,153.757681222989,126.947480345652,-39.48196732
1645748035435,156.227364187466,121.58021963185,-36.5025569
1645748036435,155.094319673469,120.126309058399,-44.15070324
1645748037435,156.6522558799,117.892170138172,-31.7961582
1645748038435,160.68872695677,115.267362117993,-38.57147158
1645748039435,147.906568543538,104.253157129353,-44.61022289
1645748040435,158.865233444453,120.59577789274,-47.54489066
1645748041435,152.102374006958,111.027714490687,-55.13400979
1645748042435,156.271623737398,100.590634310407,-62.75057576
1645748043435,143.657651616678,92.8227563668192,-33.89069349
1645748044435,145.861777271496,94.2688979526163,-35.44862515
1645748045435,150.54443779801,96.4286765604213,-33.19675687
1645748046435,147.216119541445,83.7197223771397,-56.72087015
1645748047435,149.04846496727,82.8507055989137,-63.62954918
1645748048435,148.871426758735,90.987055534985,-28.24789516
1645748049435,141.311895396038,50.3785563099823,-9.028747229
1645748050435,137.240016676455,80.8673939993031,-58.11299389
1645748051435,145.082809167022,72.8298211933171,-39.81704999
1645748052435,137.399351061747,69.146211121606,-39.06801656
1645748053435,129.149370699473,71.8143035028064,-73.68462874
1645748054435,133.115026495947,76.6443942027952,-70.82326952
1645748055435,137.806538934711,67.0996377644896,-26.56982939
1645748056435,145.578516142368,72.0373844384971,-31.05123451
1645748057435,118.208409618027,54.8723608235918,-47.43994143
1645748058435,124.307375786409,62.2762061966624,-26.57076657
1645748059435,129.82211587958,62.8111564994925,-26.86273761
1645748060435,109.436166548687,65.6035526855098,-51.8112916
1645748061435,114.260457641023,69.1550899647509,-68.73650488
1645748062435,113.968344604676,47.640543038326,-33.12336484
1645748063435,117.128476566214,42.0291141368569,-20.04980317
1645748064435,105.38199165109,50.1510359531135,-33.16745912
1645748065435,116.50884284829,45.97908950528,-15.69293608
1645748066435,91.5464559139918,38.412095388338,-56.34012123
1645748067435,107.798563152125,49.5317366400128,-82.72570651
1645748068435,91.4756406310808,35.7440030071376,-53.30259337
1645748069435,87.2090198847506,26.946179252436,-34.08991533
1645748070435,94.8393665303588,34.4354834912689,-26.08116644
1645748071435,93.4142089774985,31.5909241010855,-3.331142027
1645748072435,96.3884508257976,41.5030426771716,-19.3778423
1645748073435,83.1371411651678,25.7486452762725,-39.31037927
1645748074435,80.1894550485893,27.5344026149239,11.79617256
1645748075435,85.881233345264,45.0712277879994,-50.37925952
1645748076435,82.0218004744142,27.1048885751292,-43.05646018
1645748077435,75.3386082270486,32.173598186115,-40.6975571
1645748078435,66.6017727979059,8.52590918131979,49.19671676
1645748079435,54.9261031656934,6.93659624892444,15.32319485
1645748080435,79.4104869466314,27.3546060402545,-39.48666115
1645748081435,74.8340493419682,37.1413109560322,-105.3456928
1645748082435,67.1682950561624,21.590017092762,-5.736747324
1645748083435,58.9714261560714,17.382555272349,4.470334115
1645748084435,55.6342559872561,10.7300820056377,22.1739138
1645748085435,37.6029147867387,17.5690109791799,5.944406482
1645748086435,44.2772551231115,18.0739951861004,-15.00063089
1645748087435,47.6409810223895,23.6310411732086,-30.06928697
1645748088435,41.1082712493229,0.0621519020141038,0.943682376
1645748089435,45.852895147755,12.6234953175193,-27.24552925
1645748090435,38.0986217595683,2.65366426059714,-15.0693476
1645748091435,38.5677730044511,4.53708887463075,-14.23335941
1645748092435,33.4425169635171,-0.225300646674062,14.55656976
1645748093435,38.3818828912124,-0.00443942196673836,-23.49712241
1645748094435,32.3537320019683,7.12416181124705,-31.60730041
1645748095435,32.9202542577089,-11.4836738221918,-16.78808576
1645748096435,31.1233164758553,1.49608507897988,-39.82776501
1645748097435,24.8738678306591,-9.98869859870356,-36.66449578
1645748098435,25.3961305389831,3.60148077242391,-38.49807963
1645748099435,17.5887456873552,-3.93998666978654,-28.13890778
1645748100435,15.2164337375102,2.24079805238907,-42.31960183
1645748101435,2.55820206685749,0.0421745047409935,-53.20841895
1645748102435,7.98442305387373,-2.70360775456852,-39.9135867
1645748103435,9.5600630810331,-2.63368686411263,-28.54605241
1645748104435,11.6933734541982,5.70576661037625,-48.64594752
1645748105435,6.39107920724454,-4.02211596907376,-40.873245
1645748106435,-5.67407447720485,-9.07084818357505,-22.74019857
1645748107435,-2.62016543751774,-18.824257436968,-36.2720631
1645748108435,-9.19713476177477,-25.213694974231,-24.22450255
1645748109435,-10.3301792732561,-24.0217102747373,-27.66498495
1645748110435,-17.066482982805,-29.951667676296,-31.06100742
1645748111435,-24.1480111921424,-32.3833608574827,-52.60506297
1645748112435,-15.1279146351293,-36.7872670841518,-37.77187629
1645748113435,-17.0222234303566,-31.2402097956801,-60.63961097
1645748114435,-12.7733065060121,-18.309284531411,-54.69381722
1645748115435,-14.5525404683958,-41.3576516203786,-48.88169733
1645748116435,-21.3685113693328,-45.1722246298567,-45.16136711
1645748117435,-19.0139032389576,-38.7639195508122,-41.81139782
1645748118435,-12.7733065060121,-41.2522153573433,-67.05057991
1645748119435,-12.1271170576255,-39.8981917694699,-55.80111208
1645748120435,-10.9586649009149,-50.5461444758204,-26.60007555
1645748121435,-8.30309182445751,-53.0344402823514,-38.24936838
1645748122435,-3.81517332217516,-52.0411196993086,-33.71516989
1645748123435,-2.32805239865458,-64.0708423784587,-30.22406759
1645748124435,-6.84252663139959,-52.8468747200288,-31.02003334
1645748125435,2.96538993604832,-57.7368976118369,-54.84961385
1645748126435,-6.75400753027667,-71.0485032774211,-27.16673093
1645748127435,2.93883420558564,-79.4445593772542,-40.06205364
1645748128435,-4.53217805347278,-74.4479903669191,-48.54224941
1645748129435,-0.690448999577023,-81.8396273303698,-64.43359495
1645748130435,-11.4101123263279,-69.3837201779,-62.30211744
1645748131435,5.14295986040385,-79.5144802677101,-56.28301535
1645748132435,-16.4114416221676,-96.1911675057045,-35.47046546
1645748133435,-8.38275901710345,-87.6108754092352,-33.54095669
1645748134435,-9.54235926030535,-86.7895824132086,-40.05992261
1645748135435,-1.46941710279283,-90.1746413828919,-55.98013161
1645748136435,7.42675270912592,-94.4098495890198,-48.41043551
1645748137435,2.94768611657849,-96.8293343605866,-56.47525312
1645748138435,3.34602207855027,-93.8793387073678,-34.50371692
1645748139435,9.98495477346755,-92.1468544283742,-52.64143348
1645748140435,9.61317454321637,-105.876875580413,-43.88271648
1645748141435,16.3760339807121,-103.139972164249,-49.7067523
1645748142435,3.53191219430482,-111.42615257908,-67.53302814
1645748143435,10.108881516046,-111.738021947008,-53.42504911
1645748144435,12.4280820062236,-106.828021657927,-64.52566719
1645748145435,29.6893070132601,-123.678956193921,-63.79380379
1645748146435,24.8296082807266,-116.972100012848,-45.5004818
1645748147435,22.3245176760523,-113.063189294463,-50.93039816
1645748148435,33.9559277583324,-122.363777545102,-46.2900493
1645748149435,37.4701361331674,-111.412834314757,-40.57830716
1645748150435,32.451103015342,-110.326285878299,-29.90326043
1645748151435,41.0197521456841,-121.120739496934,-48.06829844
1645748152435,44.3303665840368,-116.103083234622,-34.09485658
1645748153435,50.2965541001048,-119.125219488492,-51.57318147
1645748154435,50.1549235367986,-131.313651489547,-46.88360534
1645748155435,61.4145533863116,-121.67122777507,-45.33547219
1645748156435,56.6522256671518,-130.542301986703,-47.88501444
1645748157435,71.5499906353361,-126.761024638821,-59.22914231
1645748158435,62.0695947482069,-116.606957586051,-46.16663026
1645748159435,66.6902919028026,-130.206015800324,-34.46021002
1645748160435,77.6224010745127,-133.898504715968,-47.95452311
1645748161435,70.0894254422782,-135.330218181162,-51.7292293
1645748162435,75.6838327255792,-143.386658528929,-47.04113935
1645748163435,82.0129485634214,-126.95302962311,-8.686284013
1645748164435,86.1821982963779,-134.491167498846,-60.9715355
1645748165435,103.514238586325,-138.280213834381,-50.69663125
1645748166435,85.9697524501607,-144.559775686642,-19.93870804
1645748167435,118.031371412008,-156.238784059598,-60.52333358
1645748168435,98.5217611977048,-149.901509726501,-16.50643252
1645748169435,110.020392627671,-147.41321391997,-32.18339306
1645748170435,119.270638849114,-144.509832193459,-53.6430054
1645748171435,108.338529677403,-128.477970942508,-48.78882728
1645748172435,113.145116949012,-138.453351276889,-44.32402578
1645748173435,118.119890514389,-140.408916491573,-41.58888626
1645748174435,133.893994597905,-140.998249708764,-56.10120579
1645748175435,123.563815324649,-146.872714339681,-24.09102557
1645748176435,114.552570679886,-152.906998148784,-22.59970071
1645748177435,129.839819700308,-143.85612736327,-44.64846383
1645748178435,134.186107636768,-148.772786784513,-34.40061211
1645748179435,130.875493200931,-143.953794638653,-43.27750676
1645748180435,152.624636708992,-148.480894814647,-50.66824061
1645748181435,136.788569253558,-141.967153472567,-32.59272293
1645748182435,152.544969518862,-156.154435048539,-55.38325923
1645748183435,136.629234870782,-137.999420417854,-62.47316722
1645748184435,147.658715054608,-154.640592283269,-26.49396144
1645748185435,151.588963208368,-144.215720512609,-46.28416533
1645748186435,161.812919561032,-147.631855433694,-41.32014365
1645748187435,156.820442172411,-146.197922256728,-37.95683255
1645748188435,162.547628111799,-153.420861198849,-34.18651688
1645748189435,169.283931822606,-151.354310444459,-24.66362105
1645748190435,182.287387991789,-160.384093977997,-7.65170069
1645748191435,171.735910963839,-138.092648272058,-49.82566924
1645748192435,175.064229219146,-165.992193312991,-14.59212992
1645748193435,175.028821578948,-151.914787421233,-27.36515669
1645748194435,189.475139124235,-144.777307344874,-44.36198763
1645748195435,175.055377309411,-155.638352288278,-29.73646427
1645748196435,193.653240768185,-153.060158194018,-37.40695
1645748197435,198.937831191895,-166.250789621261,8.244185794
1645748198435,192.387417600616,-143.019296391937,-39.54279316
1645748199435,204.842055337302,-154.733820137473,-30.65252239
1645748200435,225.086374102373,-156.657199545264,0.013654737
1645748201435,210.100090031808,-156.707143037658,8.198084559
1645748202435,198.787348718854,-156.809249735007,-23.98243947
1645748203435,224.103812065191,-148.60852818515,-18.47764803
1645748204435,220.111600535738,-155.522927326607,0.299519495
1645748205435,220.332898294206,-155.606166481385,-27.53710153
1645748206435,226.378753000404,-153.248833611833,-29.82000007
1645748207435,227.733095270353,-153.739389698938,-23.70248375
1645748208435,229.264475743807,-151.814900435656,-43.86792317
1645748209435,240.196584916775,-148.834938686527,-43.18598244
1645748210435,244.179944533977,-146.273392423854,-33.65618917
1645748211435,241.93155932671,-139.593172772216,-30.611762
1645748212435,254.890755948477,-146.682929066375,-38.52033863
1645748213435,253.793119077193,-146.799463883539,-43.47495613
1645748214435,251.730623985681,-151.895919879451,-11.74809605
1645748215435,259.024598041236,-150.582960941616,-46.19823491
1645748216435,261.857209324971,-135.097148547623,-45.12858751
1645748217435,258.378408590333,-144.093636418776,-54.6894736
1645748218435,264.796043531814,-139.486626653689,-13.91886867
1645748219435,265.468788710663,-146.278941701312,-24.23497198
1645748220435,274.550848638337,-144.14468976745,-16.92873065
1645748221435,274.860665497928,-116.926595940844,-19.36828674
1645748222435,283.039830578549,-137.721956567802,-54.98998464
1645748223435,284.659730154383,-130.698791597624,-48.90773792
1645748224435,278.640431178647,-146.862725641045,-15.16438809
1645748225435,293.095600633669,-146.546416852727,-11.88955622
1645748226435,293.246083107968,-134.746434241429,-19.89173304
1645748227435,292.121890503706,-135.828543255921,-53.62389069
1645748228435,312.454728372416,-143.779547340653,-33.0468888
1645748229435,298.389042968372,-149.054690055743,-27.89101979
1645748230435,325.608667019672,-150.541896291578,-14.88104302
1645748231435,311.684612180193,-133.231481620668,-49.55993286
1645748232435,327.733125481844,-134.876287322916,-26.57499172
1645748233435,310.843680705059,-132.987313432213,-49.54245186
1645748234435,323.855988787751,-143.812843002249,-6.574756932
1645748235435,329.494655624758,-132.137164195768,-27.57857681
1645748236435,316.960350694168,-140.012698113374,-49.90061842
1645748237435,328.228832457189,-125.705552153764,-39.68896541
1645748238435,340.993287050951,-141.559836541029,-9.007309722
1645748239435,337.797747447957,-132.849691363073,-22.9671437
1645748240435,345.826430055537,-125.498009194168,-25.11863954
1645748241435,342.878743936443,-139.384519957129,-5.291725664
1645748242435,340.577247270767,-134.214813504286,-5.4937136
1645748243435,347.862369414071,-143.952684783161,-5.214455089
1645748244435,357.997806663095,-135.422336179874,-27.32053031
1645748245435,368.602395154487,-129.765403206401,-22.82660661
1645748246435,359.573446688997,-124.990805276264,-26.18910436
1645748247435,365.796339601215,-125.089582407138,-17.33891168
1645748248435,365.716672408569,-126.14838445867,-12.65036351
1645748249435,371.585488911263,-109.198672791802,-58.1728708
1645748250435,368.345689758337,-120.287238092076,-39.69946729
1645748251435,370.213442820586,-110.546037247514,-17.15015939
1645748252435,384.482722162369,-116.468225660631,-41.05007335
1645748253435,384.279128227145,-122.563551517044,-18.10189223
1645748254435,388.802454369625,-116.642472958631,-26.73096286
1645748255435,392.033401615332,-124.155084160423,-19.51551299
1645748256435,382.013039199151,-101.538450822234,-31.74520286
1645748257435,401.026942439366,-112.166426131311,-21.87771133
1645748258435,406.88690702981,-114.064278865159,-29.72253329
1645748259435,391.351804524232,-116.620275850374,4.93687064
1645748260435,400.548939284748,-118.291718082845,3.26283809
1645748261435,389.271605611992,-128.522365159021,68.23550961
1645748262435,405.488305209928,-116.643582814122,61.27502953
1645748263435,410.932230020188,-115.463806524249,5.66485988
1645748264435,435.195316042658,-112.539337545761,-16.46291438
1645748265435,409.878852698837,-107.998919104656,-15.26599504
1645748266435,421.944006384544,-100.162230126104,-26.38921105
1645748267435,416.110597523305,-105.810284256433,-63.3086097
1645748268435,421.492558961647,-99.3231794437875,-79.79594716
1645748269435,421.404039858008,-96.6994812791,-44.13565974
1645748270435,446.056609932715,-91.678495449525,-26.14735465
1645748271435,442.737143584627,-92.7939001264013,-39.85746291
1645748272435,436.036247520308,-92.2078964756853,-27.03364332
1645748273435,439.231787123301,-95.8937262583798,-5.836136941
1645748274435,443.436444496455,-86.7696050159355,-30.99908192
1645748275435,458.944991272828,-102.25652726542,-18.95226512
1645748276435,465.681294979861,-103.519542710861,-17.84343702
1645748277435,469.115836162051,-96.41646815159,-22.10544011
1645748278435,462.14053087708,-74.9907096574024,-21.20105457
1645748279435,470.116102022476,-89.015952345783,-20.38437387
1645748280435,460.50292747926,-76.0850270815139,-31.2977142
1645748281435,466.761228032933,-75.0717291019865,-20.05950478
1645748282435,472.214004754186,-73.6511141901324,-19.80724961
1645748283435,482.668110772536,-65.9609261246539,-17.5394847
1645748284435,484.155231694799,-76.5189805432753,-16.53037512
1645748285435,473.373604997388,-76.7831261282153,-20.98514941
1645748286435,488.607742555626,-79.8529861642842,-9.068797798
1645748287435,493.954296352512,-68.9664145469366,-25.99062215
1645748288435,479.118494754988,-56.2397026773654,-25.56488646
1645748289435,479.685017013245,-61.6036338246925,30.38139432
1645748290435,486.5629512861,-67.7045089577757,-13.87562879
1645748291435,491.81213407087,-57.9644179687058,-18.54294707
1645748292435,498.185509456129,-57.8767393919601,-13.58151307
1645748293435,490.811868210444,-43.9913384844913,-15.01367219
1645748294435,495.406009635835,-46.5295777834165,-33.4443465
1645748295435,512.348565872288,-46.1078327320636,-22.79994516
1645748296435,506.311563075825,-21.7786925113649,-40.16463236
1645748297435,520.456915672514,-49.5949983983072,-15.93295397
1645748298435,521.749294569287,-41.8193514670664,-53.40914718
1645748299435,517.854454055724,-45.4108435408538,-26.77830166
1645748300435,511.100446527963,-33.498765534359,-13.84487019
1645748301435,515.216584798736,-32.4599408801001,3.741366901
1645748302435,524.661573045668,-41.2932800073812,-30.41977465
1645748303435,531.99095474142,-18.6278130315005,-38.16895287
1645748304435,527.423369049008,-21.6998927785528,-21.48924292
1645748305435,525.953951944957,-29.0138398631058,-31.86845407
1645748306435,530.81365067749,-16.5446144455244,-30.14956528
1645748307435,535.788424242867,-8.08196702171041,1.722912738
1645748308435,523.147896392942,-8.9587527875896,-8.924701681
1645748309435,532.371586881406,-20.8064591810869,12.14112709
1645748310435,537.930586527025,-6.88554290103861,-15.11799907
1645748311435,537.735844501536,2.81570314897677,-39.34509263
1645748312435,535.965462448887,-14.5546437137523,7.538527476
1645748313435,537.089655051891,-7.41938334837704,8.520954047
1645748314435,542.117540078194,18.3903039752065,-33.17050502
1645748315435,553.120464534073,3.0088179887578,-17.55321274
1645748316435,558.01557090932,2.34290474894937,-10.85376202
1645748317435,562.937233011256,4.35285287799457,-6.229020059
1645748318435,556.059298738401,6.53593844954767,-22.54315476
1645748319435,563.185086500186,13.2827494251661,-20.31452542
1645748320435,572.736297671485,-5.06759975628276,3.218743155
1645748321435,565.344952605072,8.61247790257371,-34.08680799
1645748322435,569.717796271995,12.895409890901,-28.01809307
1645748323435,564.707615063905,16.9264047031196,-23.79056079
1645748324435,563.45949571958,30.6886116612633,-14.90342156
1645748325435,571.311140118624,20.9596192263216,-1.784591964
1645748326435,574.595198823998,12.7078443277898,-20.85329462
1645748327435,580.446311505965,43.6816888275466,-5.878809409
1645748328435,569.832871104839,55.5216262326021,-24.20584107
1645748329435,581.570504110227,50.6415920394306,-41.83646899
1645748330435,567.965118040074,43.6017792384541,-72.47347731
1645748331435,566.230143630139,41.5685241456608,-77.04568889
1645748332435,581.411169726193,51.2886377374576,-41.06233
1645748333435,589.413296600795,56.402851420448,-25.28918062
1645748334435,585.668938560273,67.9497870001456,-52.41135165
1645748335435,584.341152020786,63.9365498742167,-43.08468791
1645748336435,593.954326564002,63.3916108735386,-47.95018505
1645748337435,591.537755062967,73.1894143434445,-53.32993316
1645748338435,599.212361258508,63.0386768563613,-34.93067432
1645748339435,596.59219582099,75.6699411615338,-16.75935853
1645748340435,589.519519523903,72.8242719166473,-15.74291321
1645748341435,623.466595373759,76.0495117089343,-40.33807808
1645748342435,610.24184144485,73.8231417763599,-27.39512687
1645748343435,615.977879291457,70.8331913293835,-30.50079667
1645748344435,617.819076627017,64.758952725735,-14.82996758
1645748345435,608.320976916644,79.3624300771784,-26.86691988
1645748346435,613.047896995606,89.721820379349,-29.59947597
1645748347435,613.871124650012,87.1613839721673,-23.63093042
1645748348435,612.640709125157,88.4055318750385,-51.17233329
1645748349435,615.322837933335,84.497731012145,-10.0479906
1645748350435,620.75791083386,96.5674084858413,-24.25333547
1645748351435,627.565029823804,86.1991393405258,-22.91704234
1645748352435,620.439242064534,95.5463415178722,-5.125934219
1645748353435,620.102869474481,101.651656072134,-11.54176
1645748354435,632.964695084132,102.203254205762,-27.8025379
1645748355435,631.619204721401,116.605847729771,-31.51743092
1645748356435,618.367895062029,104.146611011615,-2.364345472
1645748357435,622.740738731468,121.361578118126,-40.87836412
1645748358435,632.787656878112,127.095091114217,-22.4440258
1645748359435,639.798369802023,119.626874128149,-18.67177553
1645748360435,651.358964603907,130.525654155116,-24.73225947
1645748361435,646.339931486082,114.143078597971,-16.4796826
1645748362435,643.126688062361,125.703332442781,-19.41936985
1645748363435,648.030646344827,130.954058339419,-40.07198611
1645748364435,666.061987545344,118.158535434095,-31.65134019
1645748365435,656.35144199127,125.783242031084,-19.83115845
1645748366435,662.60089063395,124.055197174058,-41.79334589
1645748367435,656.882556606813,135.145982184526,-25.73644251
1645748368435,671.30231842038,128.883068163063,-42.30034057
1645748369435,657.634968978308,127.618942862919,-39.32873069
1645748370435,663.93752908443,130.667715646223,-53.89088953
1645748371435,664.52175515964,153.911417285166,-22.34779632
1645748372435,674.205744985768,140.792926459363,-24.99128669
1645748373435,673.727741833666,138.092648271269,-39.09488297
1645748374435,676.879021882953,156.193279987593,-41.09430547
1645748375435,675.32993759003,155.128928658603,-34.86790785
1645748376435,683.464843118203,149.284430123595,-24.20056316
1645748377435,691.334191341749,158.410771076234,-32.94454986
1645748378435,698.017383586599,160.280877425156,-58.97766016
1645748379435,693.856985764635,157.127778234308,-41.52658536
1645748380435,695.645071635496,163.396241532441,-55.04869186
1645748381435,696.840079521411,159.729279291528,-34.33452677
1645748382435,696.00799995727,167.791268915965,-7.690986946
1645748383435,705.364469101821,167.953307804345,-41.49707996
1645748384435,708.896381296126,174.417105653242,-45.63222003
1645748385435,709.994018167409,166.376203280781,-25.14096463
1645748386435,704.080942114782,180.997438318514,-40.0269201
1645748387435,712.631887426913,166.046576227352,-36.77865073
1645748388435,704.656316280258,186.860804396092,-52.57802705
1645748389435,711.233285604515,179.287151147777,-33.70612835
1645748390435,717.60666099229,179.266063895012,-38.22302669
1645748391435,720.846460147731,170.992091889012,-0.936560677
1645748392435,730.557005704322,181.839818567305,-13.96992314
1645748393435,736.3284511949,180.845388128771,-26.04647432
1645748394435,732.327387754455,190.284708304829,-28.21155184
1645748395435,726.033679559326,184.792033930719,-16.92755586
1645748396435,741.347484312725,184.317015819708,-21.92529674
1645748397435,739.293841130948,180.361491174615,-4.483745087
1645748398435,749.845318161414,178.377069719513,-14.4990727
1645748399435,748.021824646582,186.62551505157,-8.998987548
1645748400435,752.934634841299,190.282488593846,-18.14521933
1645748401435,757.387145703384,181.583441970018,-5.790271913
1645748402435,759.555863716747,195.335660229526,-20.99596963
1645748403435,765.867275731345,204.395409858184,-29.11928713
1645748404435,760.228608896854,200.539772199456,-12.74719014
1645748405435,767.106543170967,201.093590044068,-20.3090383
1645748406435,756.794067715923,217.344092808743,-26.61727771
1645748407435,765.283049656135,209.801515511041,-31.56309498
1645748408435,780.96863463727,217.188713052524,-41.26038352
1645748409435,772.824877198104,213.037853857456,-18.71429427
1645748410435,777.321647610121,223.661389744566,-18.64696347
1645748411435,780.22507417551,221.75909758954,-30.54962997
1645748412435,777.967837058508,223.048749563627,-31.71671482
1645748413435,786.943674063073,226.270659789439,-33.0567351
1645748414435,786.208965512306,228.689034706303,-30.60024663
1645748415435,789.82054489674,223.7357500562,-12.71189364
1645748416435,798.389194029598,225.433828818106,-24.33308647
1645748417435,789.262874551992,230.353817805824,-24.12479944
1645748418435,798.973420108582,239.287043919471,-33.36801535
1645748419435,797.982006157892,226.083094227117,-27.8371959
1645748420435,805.125497737889,229.233973706981,-38.5412501
1645748421435,808.020072393542,228.297255750071,-26.83407279
1645748422435,816.367423770448,242.688750719952,-48.26611796
1645748423435,807.887293737455,240.41576686067,-47.80064831
1645748424435,803.275448493852,239.42466598861,-59.13917314
1645748425435,808.453815995712,246.134851736158,-28.22723984
1645748426435,813.118772701498,232.444785378665,-42.40078854
1645748427435,823.7941764758,245.13265230997,-36.80669282
1645748428435,831.282892558102,256.135758744481,-29.27469606
1645748429435,837.364154907014,268.935721070983,-17.57878409
1645748430435,823.254209950522,262.025761351494,-20.21966987
1645748431435,836.717965458627,250.109243923032,-16.8434333
1645748432435,841.701590933739,250.320116449103,-19.45169124
1645748433435,838.700793356235,269.611623009428,-34.98154711
1645748434435,860.405677315622,255.085835536094,-32.95225757
1645748435435,859.697524494059,269.604963877267,-49.32162506
1645748436435,851.97865874607,279.085348702575,-46.36813325
1645748437435,855.200754080784,257.736170231005,-13.80507691
1645748438435,855.714164876857,270.632689977397,-23.118933
1645748439435,862.671766339842,260.247773000495,-19.6721519
1645748440435,865.256524137163,267.395241775491,-25.81674109
1645748441435,859.60900539042,279.632507414236,-11.34606487
1645748442435,866.814460343594,272.43065572488,-23.63779199
1645748443435,870.249001524525,280.497084771284,-24.47331561
1645748444435,864.034960520785,281.293960948071,-24.332397
1645748445435,871.426305588455,279.291781806679,-25.42878766
1645748446435,877.259714449694,278.083149276387,-46.14872564
1645748447435,878.676020091561,269.7747717533,-35.28027833
1645748448435,885.846067404538,272.711449141407,-12.21199615
1645748449435,881.136851143787,277.480497794085,-32.58500189
1645748450435,884.137648722549,281.440461861144,-27.27663182
1645748451435,897.636811869594,293.14277719706,-52.03253545
1645748452435,901.779505873345,278.577034929179,-52.24344543
1645748453435,901.85032115374,278.887794441616,-41.92954436
1645748454435,898.035147831565,284.326085900577,-43.28363961
1645748455435,905.001601205543,276.311820058339,-36.27439153
1645748456435,915.907154646791,282.972062312704,-32.59765914
1645748457435,911.569718620065,293.153875751188,-33.5467364
1645748458435,920.970447314549,287.030803509849,-30.13692708
1645748459435,907.612914733326,286.806612719455,-34.4462596
1645748460435,915.438003404424,290.43251031033,-27.60020877
1645748461435,918.837136942642,288.890921160134,-42.07542565
1645748462435,910.472081746266,283.162957441501,-34.22309441
1645748463435,925.414106266899,276.288513094591,-49.41367709
1645748464435,924.962658844001,275.441693424621,-47.86886118
1645748465435,920.058700560277,267.738187094031,-35.89456184
1645748466435,921.359931366786,264.490750194276,-15.26548293
1645748467435,917.854574905459,264.19219909146,-1.376977556
1645748468435,937.107479719839,258.08799439269,-23.32723961
1645748469435,940.568576631233,254.803932264864,-19.66241598
1645748470435,937.213702642947,251.840618346534,3.35513011
1645748471435,931.973371770428,253.864994596182,-5.755565121
1645748472435,940.745614837252,261.494140615139,-21.37034976
1645748473435,937.275666016124,248.938346476303,-14.3036663
1645748474435,945.888574698914,245.665382901817,-12.42234009
1645748475435,952.146875253845,246.62318811228,-19.61802441
1645748476435,944.737826364189,242.462340217786,-27.15967674
1645748477435,960.449967077045,236.87088871359,-31.66948112
1645748478435,953.501217523794,244.920669928408,-18.75939961
1645748479435,960.786339668356,233.745535907669,-14.75638051
1645748480435,965.017552771973,236.057364705217,-23.95101216
1645748481435,960.627005283064,226.457115497059,0.722454977
1645748482435,974.692690687108,238.141673146685,-20.60681111
1645748483435,972.373490198188,234.835413910602,-6.245181809
1645748484435,976.347997905655,236.241600701853,-6.324354811
1645748485435,982.916115320177,223.770155574077,-15.72327661
1645748486435,977.348263763565,241.718737099869,-33.65051853
1645748487435,988.404299680369,235.335958695556,-19.97463063
1645748488435,981.384734844208,225.825607774338,-24.88765738
1645748489435,987.156180333529,227.832226336908,-27.71446581
1645748490435,993.281702232373,227.895488095203,-23.75149244
1645748491435,997.19424656918,237.056234565718,-20.34420774
1645748492435,998.17680860762,220.754678452369,-12.29405553
1645748493435,1002.80635767572,221.347341236035,-15.48650647
1645748494435,994.202300900153,227.545883643712,-5.851919903
1645748495435,1016.26126127032,220.53936650512,-31.40916206
1645748496435,1003.08961880234,212.084488068959,-20.76444802
1645748497435,1023.13034363092,213.033414435489,-14.02018493
1645748498435,1016.73041251269,210.427473957091,0.323547577
1645748499435,1026.830442119,218.584911145927,-25.24411584
1645748500435,1029.47716328949,210.718256071466,-16.65840167
1645748501435,1034.08900853436,196.425538232459,-0.125128943
1645748502435,1016.00455587417,210.765979853665,18.24614568
1645748503435,1036.35509755983,205.660645014608,-3.125340245
1645748504435,1042.83469587072,206.521892804393,-17.95963723
1645748505435,1041.26790775455,199.917143319881,-2.340327432
1645748506435,1041.68394753725,200.903804770762,0.216408781
1645748507435,1041.42724213984,198.233492678578,-7.169167142
1645748508435,1047.88028471901,204.261117355519,-23.61778025
1645748509435,1051.27056635,204.222272416464,-20.88883775
1645748510435,1052.89931783683,204.240030102754,-15.6849124
1645748511435,1054.68740370895,214.731493197395,-14.35030947
1645748512435,1066.21259086812,197.747376013439,-18.22889496
1645748513435,1062.68067867382,195.792920654247,1.790638916
1645748514435,1076.56047396336,193.476652434732,-18.93495775
1645748515435,1068.05378820368,192.939482420918,-2.019979084
1645748516435,1061.26437303321,194.698603230135,-28.81255943
1645748517435,1083.22596239126,193.271329186119,-8.002029481
1645748518435,1072.71874490947,196.367825751623,-6.206681094
1645748519435,1083.80133655673,194.526575643119,-11.35390924
1645748520435,1088.70529484172,201.418777676319,-17.24878579
1645748521435,1092.41424523952,195.405581119981,-21.36814823
1645748522435,1101.33697078442,210.274313911857,-14.93679895
1645748523435,1104.05450723154,194.464423740316,-30.79828556
1645748524435,1101.59367618057,197.334509804442,-28.97239447
1645748525435,1110.35706733892,197.550931607972,-18.87456299
1645748526435,1116.70388699497,194.714141205441,-29.33506211
1645748527435,1101.52286089766,197.906085335344,-13.04819354
1645748528435,1110.02069475012,202.503106401794,-23.56251007
1645748529435,1115.52658293104,191.408991824851,-15.05974046
1645748530435,1130.09682721891,200.507586392563,-31.42674764
1645748531435,1126.93669525611,194.610924653389,-19.45135193
1645748532435,1129.10541326822,189.632113329344,-8.051032247
1645748533435,1137.07213250262,189.151545941663,-15.16111421
1645748534435,1142.0114984278,192.477782575019,-13.95901207
1645748535435,1136.33742395437,195.435547215103,-21.42784722
1645748536435,1149.21695338349,188.583299976449,-37.20291426
1645748537435,1129.71619507767,190.852954269256,-9.136029436
1645748538435,1140.49782177508,203.782769678033,-9.616129264
1645748539435,1147.40231177839,189.011704160752,-7.475043106
1645748540435,1152.73116175455,184.785374798557,-2.977506066
1645748541435,1157.07744969227,186.847486131769,-7.181441222
1645748542435,1160.14906255143,194.105940446469,-29.83533364
1645748543435,1150.47392463755,173.699029209267,28.38944162
1645748544435,1167.85907638968,201.699571092057,-9.549541341
1645748545435,1175.83464753382,216.683728845604,4.122678019
1645748546435,1176.7906538418,211.288721746875,-26.1388559
1645748547435,1177.4722509329,194.435567499898,-28.79048384
1645748548435,1185.29733960148,188.59661824156,-32.15663122
1645748549435,1185.0317822956,189.543324897895,-22.39175868
1645748550435,1183.93414542431,195.008252886291,-22.26963109
1645748551435,1189.37807023457,197.565359727786,-21.61889916
1645748552435,1194.68036447901,195.213576135692,-17.53902038
1645748553435,1199.44269220069,197.559810451117,-19.25228939
1645748554435,1212.80022478191,195.267959050053,-26.90749065
1645748555435,1201.23077807029,203.344376795094,-12.0486028
1645748556435,1203.17819832896,201.197916451612,-8.591982733
1645748557435,1213.08348591104,199.534243206794,-20.39587154
1645748558435,1212.12747960306,197.500988114789,-27.823829
1645748559435,1223.11270023444,203.045825692277,-35.7600882
1645748560435,1226.6711681592,202.058054386693,-22.04483248
1645748561435,1221.10331660637,203.273346049146,-12.0276439
1645748562435,1229.61885427578,218.398455438308,-22.16844146
1645748563435,1231.65479363683,215.988959365378,-20.26075215
1645748564435,1229.42411225155,214.654913174777,-25.53979262
1645748565435,1230.0968574304,210.500724413234,-1.50693186
1645748566435,1239.10810207642,212.048972695591,-5.782178086
1645748567435,1229.84015203425,209.108965741797,0.736872852
1645748568435,1237.09871844709,213.042293278634,-8.057092393
1645748569435,1249.37631797776,214.368570481581,-12.72545238
1645748570435,1250.90769845373,213.90576078019,-22.7035366
1645748571435,1253.8996441215,216.700376676402,-16.29740141
1645748572435,1260.68020738098,215.96010312496,-10.91153748
1645748573435,1262.05225347165,219.976669817364,-11.65451322
1645748574435,1256.98896080264,222.529337236892,-21.86596247
1645748575435,1267.61125311476,219.588220426818,-3.652742613
1645748576435,1260.60054018833,221.550444773664,-21.8436543
1645748577435,1262.89318494553,224.362818356954,-15.8000007
1645748578435,1280.26948478793,233.630110945997,-10.09441265
1645748579435,1275.20619211891,236.208305040257,-5.409776198
1645748580435,1277.90602474656,227.023141750502,-24.19004325
1645748581435,1281.26975064584,236.464681637544,-25.91356634
1645748582435,1278.3751759927,229.05306727682,-24.6179534
1645748583435,1280.32259624759,244.373511216746,-9.556583697
1645748584435,1278.33976834999,239.305911461252,-18.3942824
1645748585435,1284.11121383931,250.436651266266,-10.82239126
1645748586435,1284.27940013559,252.797313701506,-13.35634982
1645748587435,1290.65277552337,254.216818757868,-1.520364728
1645748588435,1284.19088103195,248.865096020161,-16.14069618
1645748589435,1296.47733247361,249.330125432535,-25.53238626
1645748590435,1288.38668649537,256.587469891744,-42.78408652
1645748591435,1293.63586928014,261.434208423319,-25.68569173
1645748592435,1301.97436874605,271.738105955637,-1.878624011
1645748593435,1299.64631634866,264.074554419593,-9.18994655
1645748594435,1300.41643253962,266.518456009611,-13.10655269
1645748595435,1302.83300404066,267.313112476203,-16.36631568
1645748596435,1312.37536330096,269.402970194341,1.075646641
1645748597435,1313.05696039332,265.745996651276,-20.78073372
1645748598435,1313.69429793072,271.248659724023,-7.246854761
1645748599435,1307.55992411962,284.982010441749,-14.8124946
1645748600435,1316.93409708741,286.372659257693,-12.19961536
1645748601435,1322.43998526708,305.218003947426,-24.94768239
1645748602435,1315.10175166159,315.269964303636,-18.66416298
1645748603435,1320.06767331975,290.872013048761,-16.47673181
1645748604435,1321.4485713189,308.595293929456,-12.7945017
1645748605435,1324.50248035859,311.209003395507,-14.18082024
1645748606435,1329.69855168118,321.15552748947,-33.5652454
1645748607435,1328.51239570625,319.029044543261,-6.779663417
1645748608435,1327.07838624617,320.924677566126,-5.625790942
1645748609435,1328.96384313167,316.377599992859,-26.75788241
1645748610435,1332.77901645258,307.538711588908,-9.326317477
1645748611435,1325.94534172966,319.187753865166,-11.34735829
1645748612435,1325.05129879486,330.016613001677,-5.030253193
1645748613435,1335.26640323401,329.960010376333,-26.7552753
1645748614435,1330.57489079777,335.895517054561,-25.58319772
1645748615435,1332.11512318095,338.811107189904,-12.23871987
1645748616435,1337.19611967196,342.854310411742,-5.53337727
1645748617435,1330.26507393817,351.868555969184,-28.93093049
1645748618435,1333.98287624949,331.811249183473,-13.94818242
1645748619435,1339.12583610864,344.596783389372,-27.65385423
1645748620435,1334.08024726035,345.75547242727,-10.48306214
1645748621435,1335.46114526076,400.75324691117,-67.15578405
1645748622435,1334.35465647849,354.620997361444,-6.073371691
1645748623435,1335.99225987505,360.555394184181,-3.935444347
1645748624435,1339.7543217363,363.236804830493,-12.93618101
1645748625435,1339.96676758251,358.080416642761,-15.44823511
1645748626435,1338.40883137608,362.3633486303,-9.875082245
1645748627435,1344.58746473837,367.985876085897,-20.6093333
1645748628435,1341.06440445631,369.373195336155,-9.505715661
1645748629435,1342.09122604469,371.46638261998,-4.690679274
1645748630435,1341.90533593145,379.183207215681,-3.678133314
1645748631435,1345.80902835475,383.731394643652,1.857730604
1645748632435,1346.34899488128,387.307348742133,-21.90050938
1645748633435,1349.82779561215,385.321817432327,-2.853778888
1645748634435,1345.94180700832,404.174931108925,-13.78510273
1645748635435,1348.33182277889,398.473603920515,-19.98309822
1645748636435,1346.53488499704,393.448178669762,-3.525690175
1645748637435,1353.79345141239,396.479193766776,-7.392010137
1645748638435,1353.09415050057,404.732078520011,-8.797779177
1645748639435,1355.51957391134,406.302523910625,-23.96946545
1645748640435,1361.61854008098,396.791063133916,2.044406288
1645748641435,1358.10433170614,415.310110335906,-9.767974376
1645748642435,1365.23897137766,427.697206453411,-12.50921791
1645748643435,1369.77114943113,423.036923629455,-27.80517113
1645748644435,1365.90286464678,419.027016070002,-10.41101202
1645748645435,1370.96615731579,428.396415355605,-28.40723775
1645748646435,1365.93827228697,408.123796621856,-35.09729595
1645748647435,1371.14319552181,421.750601221055,-0.695211024
1645748648435,1380.67670287238,424.383178229676,-1.871666378
1645748649435,1373.22339443279,409.383482500822,-9.777588001
1645748650435,1372.60376071487,418.64744552339,-27.27326781
1645748651435,1376.52515695889,416.562027227219,-14.67165689
1645748652435,1382.34971391166,405.391332627658,-4.217466536
1645748653435,1387.35104320624,418.586403476079,-29.65596215
1645748654435,1390.84754776035,420.439861994203,-30.71586582
1645748655435,1391.75929451587,406.279216947666,-9.189764754
1645748656435,1387.07663398936,411.521064001159,-28.79343071
1645748657435,1396.71636426304,418.593062609029,-23.36126793
1645748658435,1405.4620515994,412.029377773766,-42.87597658
1645748659435,1394.25553320956,404.351398117908,-18.26104454
1645748660435,1402.72681132904,417.180216684828,-76.83176647
1645748661435,1407.55995433111,404.934072202937,-53.58919973
1645748662435,1402.63829222666,419.711796851591,-93.86722596
1645748663435,1403.93952303568,421.545277972442,-100.3153142
1645748664435,1408.27695906241,412.366773815637,-51.40886703
1645748665435,1426.17552161061,404.380254358326,-47.90874913
1645748666435,1423.36946605734,420.056961881116,-104.9576533
1645748667435,1419.84640577529,409.308012333696,-76.78166539
1645748668435,1431.15029517599,407.706490991681,-40.97663551
1645748669435,1426.71548813589,421.293340796334,-54.69830229
1645748670435,1422.05938333732,427.3964356404,-81.15252656
1645748671435,1432.38956261184,409.337978429606,-30.87409913
1645748672435,1436.99255594822,411.919502089553,-27.87186736
1645748673435,1438.40000968035,399.126198895212,-13.59819788
1645748674435,1447.93351702841,392.390486473722,-9.394250399
1645748675435,1435.60280603807,398.045199736212,-29.28799339
1645748676435,1453.94396409692,404.429087996017,-26.23684039
1645748677435,1452.40373171122,393.021994196442,-14.6206943
1645748678435,1458.84792238191,392.362740088795,-11.14723107
1645748679435,1462.03461007517,400.7476976345,-22.8081394
1645748680435,1464.49544112613,394.663470332215,-14.39263977
1645748681435,1477.12711706884,395.284989356299,-10.85438762
1645748682435,1478.05656764635,395.819939659129,-17.93820081
1645748683435,1481.13703241902,405.845263485904,-29.59864184
1645748684435,1484.36797966221,388.115323473048,-2.189793356
1645748685435,1485.71347002117,400.385884774178,-18.61306972
1645748686435,1489.67027390916,407.218154615559,-38.90513397
1645748687435,1496.48624480884,407.076093124452,-20.3159335
1645748688435,1499.84997070812,398.622324543783,-16.39542041
1645748689435,1504.18740673485,387.467167919529,-16.10264097
1645748690435,1503.94840515817,387.524880400365,-8.517473718
1645748691435,1504.20511055432,377.386351322902,-22.32608525
1645748692435,1499.15952170603,376.240980550116,-8.446478895
1645748693435,1505.83386204366,381.164299104308,-10.36383986
1645748694435,1505.47978563162,386.447210807051,-26.82664616
1645748695435,1513.15439182968,367.166802800854,-10.84715717
1645748696435,1504.46181595298,373.081222227106,-31.31582922
1645748697435,1524.05994526967,370.750525886988,-9.167632489
1645748698435,1518.40357461319,367.234503980327,-23.44496839
1645748699435,1533.50493351786,359.458857049086,11.48210761
1645748700435,1528.884236362,364.798371377962,-4.442875766
1645748701435,1543.07384851114,354.153748238086,4.791307654
1645748702435,1540.08190284211,364.282288616913,-15.34779215
1645748703435,1541.52476421444,358.147007966742,2.695601581
1645748704435,1548.50892140915,363.813929638064,-24.84634447
1645748705435,1540.42712734064,369.855982434819,-37.7300986
1645748706435,1542.10013838118,370.382053894505,-28.3678992
1645748707435,1552.5011329386,387.114233902352,-17.03391591
1645748708435,1550.79271425661,387.361731656493,-24.527366
1645748709435,1549.7127812048,362.422170966628,-8.823371512
1645748710435,1558.21946696574,381.41179685845,-14.59654934
1645748711435,1569.26665096903,397.434779266256,-56.76058048
1645748712435,1573.84308857496,427.421962314343,-77.3544475
1645748713435,1571.47077662385,410.345727132464,-62.38275087
1645748714435,1571.23177504717,417.601961736969,-17.00752348
1645748715435,1566.3632244049,401.283757792822,-13.66996287
1645748716435,1581.80095589962,401.107290783839,-23.89611419
1645748717435,1584.32375032251,387.958833862126,-23.93569671
1645748718435,1576.96781289755,401.946341466155,-13.56920462
1645748719435,1580.91576487456,407.586626608042,-11.09651674
1645748720435,1582.32321860417,407.39906104572,-8.671484869
1645748721435,1583.17300198904,395.697855565296,-22.24447383
1645748722435,1595.57452826355,390.402735452144,-33.48305708
1645748723435,1588.40448095309,393.266162384109,-23.42850323
1645748724435,1584.65127100283,396.975299130552,-16.47393124
1645748725435,1576.53406929413,399.870911868621,-50.74382663
1645748726435,1585.60727731081,411.290214077815,-14.43994519
1645748727435,1577.26877784364,404.824196517935,-35.23972204
1645748728435,1570.240361099,400.394763617323,-17.5206527
1645748729435,1588.83822455526,397.570181624413,-27.85214061
1645748730435,1579.13653091217,407.410159599848,-52.58748715
1645748731435,1577.2599259339,406.988414547707,-68.46713423
1645748732435,1571.02818111195,400.872001439317,-66.20052678
1645748733435,1577.00322053775,400.944142039968,-64.15768247
1645748734435,1564.69906527662,402.234903870335,-83.02869847
1645748735435,1568.00082780272,401.933023201832,-85.21750689
1645748736435,1584.92568022096,397.176182957986,-92.23780631
1645748737435,1537.39092212168,414.254637850849,-217.3123186
1645748738435,1553.74925228293,408.743095934957,-140.0562903
1645748739435,1563.5483169419,393.180703518347,-26.26104449
1645748740435,1561.73367533806,399.358158674047,-0.649847106
1645748741435,1534.32816117226,434.930134094957,-418.9500005
1645748742435,1567.46971318718,410.313541325571,-13.8374998
1645748743435,1562.73394119848,407.53113383819,-78.18714259
1645748744435,1596.45971929113,383.347384675862,181.9207503
1645748745435,1575.54265534469,407.553330946446,14.79603647
1645748746435,1588.23629465806,406.766443468296,-0.126767548
1645748747435,1591.0246463906,404.98956497279,-10.32123024
1645748748435,1578.60541629663,394.237285858896,49.28454146
1645748749435,1587.30684407929,400.27267952349,9.079588484
1645748750435,1582.20814377133,412.12815490464,0.174828254
1645748751435,1563.71650323567,394.070807549338,54.34997322
1645748752435,1587.01473104042,406.508957015518,-81.8484638
1645748753435,1571.09014448387,390.347242682292,-47.17399508
1645748754435,1581.49999094977,399.849824615856,-17.10326417
1645748755435,1577.10059154987,403.696583432227,-10.41249953
1645748756435,1567.81493768571,399.324863011663,-16.54923454
1645748757435,1569.13387231546,402.884169279346,-35.24047241
1645748758435,1581.88062309227,421.863806471743,-139.5308084
1645748759435,1569.68269075173,411.693091588175,-42.29696384
1645748760435,1570.89540245838,397.115140910675,-11.69823343
1645748761435,1598.44254718874,409.185928239863,-25.05747857
1645748762435,1573.993571048,398.492471462297,-15.37957882
1645748763435,1599.07988472739,401.826477083305,-38.4268047
1645748764435,1601.38138139306,403.584488036242,-35.7927944
1645748765435,1597.01738963588,404.288136360402,-18.63199919
1645748766435,1592.91895518583,395.74224978102,-20.51886264
1645748767435,1594.87522735172,408.188168234853,-17.70514575
1645748768435,1578.11856123102,399.967469288512,-19.00637196
1645748769435,1573.96701531753,410.763032762638,-29.77649589
1645748770435,1583.38544783526,396.755547761336,-42.29000681
1645748771435,1570.53247413912,407.856321470441,-42.50148297
1645748772435,1584.54504807972,417.613060290309,-67.51419989
1645748773435,1567.92116060882,409.452293535786,-65.25201999
1645748774435,1562.76049692769,409.939520056417,-66.99687898
1645748775435,1578.60541629663,423.272212974766,-69.82503537
1645748776435,1579.69420125692,398.115120625879,-26.54243691
1645748777435,1577.26877784364,402.470193214857,-35.38946375
1645748778435,1579.8977951934,417.273444538243,-40.15066244
1645748779435,1572.44448675382,407.65765735399,-38.60753604
1645748780435,1575.48069197152,408.03611804511,-33.27875943
1645748781435,1570.62984514998,406.958448451797,-3.341776771
1645748782435,1578.34871089671,403.587817602717,-38.2158869
1645748783435,1575.75510119091,422.454249545215,3.628262037
1645748784435,1565.92062889048,403.823106947239,-53.04230201
1645748785435,1574.47157420387,414.431104859043,-30.18640088
1645748786435,1563.6279841358,405.525625131111,-28.36127675
1645748787435,1571.81600112364,415.163609422833,-28.80400986
1645748788435,1571.87796449682,387.563725339419,-66.36375697
1645748789435,1576.87929379391,407.487849477957,17.85024752
1645748790435,1562.71623737776,402.510148009404,-22.66024913
1645748791435,1576.74651514034,411.915062667586,-63.94695646
1645748792435,1555.53733815504,392.253974259285,-31.03231336
1645748793435,1581.73899252645,408.684273598629,-14.38472322
1645748794435,1576.44555019175,402.218256039537,-15.67753598
1645748795435,1588.79396500281,412.802946987593,-25.56281204
1645748796435,1570.91310627785,395.773325732422,-21.47845823
1645748797435,1573.89620003462,393.310556599834,-13.30944809
1645748798435,1573.45360452272,401.746567494213,-15.38229256
1645748799435,1563.02605423735,394.72673209051,-46.19655697
1645748800435,1573.993571048,405.526734986603,-9.463723104
1645748801435,1568.01853162219,409.132655180205,6.309834081
1645748802435,1566.70844890469,418.949326191893,5.922528077
1645748803435,1568.39031185496,416.7074182848,13.05164654
1645748804435,1571.08129257162,418.934898072078,4.705025714
1645748805435,1577.33959312655,426.616207294411,28.21450508
1645748806435,1590.77679290167,435.776953764927,-0.671778287
1645748807435,1596.85805525059,429.386406372172,-13.48352287
1645748808435,1598.69925258614,415.859488758551,5.270639551
1645748809435,1579.18964237184,387.009907494808,-24.01024453
1645748810435,1581.26984128408,406.200417214065,5.309746874
1645748811435,1558.71517393983,397.633443382707,-1.470307313
1645748812435,1584.56275189919,401.482421909273,-10.83890327
1645748813435,1592.89239945537,395.329383572812,16.13864745
1645748814435,1568.44342331463,408.288055221219,57.57028537
1645748815435,1588.97100320883,394.359369952729,-23.36339057
1645748816435,1566.53141069867,389.668011177372,-69.86313635
1645748817435,1571.25833077763,387.597021001804,-40.36643685
1645748818435,1569.9393961504,397.162864692874,-40.19270025
1645748819435,1572.57726540739,384.561566482823,-19.46594384
1645748820435,1570.36428784283,409.114897493915,-66.75441549
1645748821435,1557.09527436148,405.843043774921,-117.0995031
1645748822435,1556.28975052654,408.533333264378,-68.27713912
1645748823435,1549.73933693526,397.206149053896,-50.11957912
1645748824435,1551.45660752573,395.328273717321,-26.99706869
1645748825435,1556.44023300335,395.885421127618,-37.03513138
1645748826435,1565.38066236521,419.843869644061,-26.72259791
1645748827435,1553.58106598916,392.019794770255,-25.48431542
1645748828435,1559.14891754325,398.523547412909,-46.99962659
1645748829435,1560.40588879983,408.049436310222,-61.8423928
1645748830435,1569.41713344459,397.25054326962,3.136729592
1645748831435,1584.28834268231,409.855171045358,14.12596061
1645748832435,1577.9061153848,404.927413069987,-24.56682316
1645748833435,1586.99702722347,406.366895523623,-19.11007292
1645748834435,1576.00295467858,407.39351176905,-46.3491688
1645748835435,1583.10218670613,411.524393566846,-56.70463083
1645748836435,1574.28568408686,396.450337526358,-13.14585345
1645748837435,1579.91549901413,409.980584705666,-36.44185457
1645748838435,1572.0018912394,407.505607164247,-14.19924061
1645748839435,1571.32914606055,414.244649152212,-20.4824728
1645748840435,1600.40767126562,405.117198344082,-28.037064
1645748841435,1544.10952200925,396.069657124255,12.27898832
1645748842435,1545.56123529257,382.736964205906,0.776924048
1645748843435,1578.29559943452,385.669202172046,-47.10384774
1645748844435,1595.77812220003,373.039047721577,-61.98632229
1645748845435,1578.26019179433,412.173658975856,12.08961904
1645748846435,1582.78351793681,409.28026594877,-58.35791739
1645748847435,1638.090253245,438.9267233893,-111.4063385
1645748848435,1567.87690105889,403.096151660908,-19.90097543
1645748849435,1535.00090635111,425.122341926415,58.86764977
1645748850435,1605.58603876873,411.758573056665,-110.1283133
1645748851435,1576.95010907431,434.866872336663,-62.83481459
1645748852435,1531.38047505568,395.7777651536,78.2463293
1645748853435,1535.51431714593,401.241583287292,60.17292821
