1645654491442,37.43112392,-122.1626866,29.74132031
1645654492442,37.43114153,-122.1627373,24.23873731
1645654493442,37.43118024,-122.1627748,31.75300392
1645654494442,37.43122706,-122.1628209,24.78265255
1645654495442,37.4311427,-122.1627868,6.600211461
1645654496442,37.43110372,-122.1627852,-4.802093728
1645654497442,37.43118091,-122.1628505,-0.477829861
1645654498442,37.43117086,-122.1627931,-2.999142651
1645654499442,37.43110995,-122.1627469,-4.852117976
1645654500442,37.43110415,-122.1628467,-7.908135194
1645654501442,37.431031,-122.1627599,-17.10500152
1645654502442,37.43113932,-122.1628698,-4.435310099
1645654503442,37.43126317,-122.1628403,12.62366322
1645654504442,37.43125074,-122.1628619,16.28199565
1645654505442,37.43114158,-122.1628426,-5.484989821
1645654506442,37.43117447,-122.1628399,-2.413556326
1645654507442,37.43118696,-122.1628493,-7.861670222
1645654508442,37.43121713,-122.1628725,-4.458244242
1645654509442,37.43122368,-122.1628187,10.58162357
1645654510442,37.43118237,-122.1628121,-1.788590659
1645654511442,37.43131124,-122.1627678,21.84870008
1645654512442,37.43119343,-122.1627434,17.75678695
1645654513442,37.43121922,-122.1625538,17.75925967
1645654514442,37.4312283,-122.162711,15.20621527
1645654515442,37.43133203,-122.1628237,22.41261708
1645654516442,37.43120007,-122.1628123,-9.071366179
1645654517442,37.43118304,-122.1627733,-7.627700839
1645654518442,37.43119809,-122.1628266,-0.379237819
1645654519442,37.43128513,-122.1627734,12.74469242
1645654520442,37.43135061,-122.1627193,12.65147136
1645654521442,37.4312357,-122.1627018,-0.709623741
1645654522442,37.43122566,-122.1626856,-0.404369008
1645654523442,37.43125645,-122.1626476,6.974694738
1645654524442,37.43131741,-122.1625867,-2.039217212
1645654525442,37.43133377,-122.162563,6.81927246
1645654526442,37.43133656,-122.1625488,-0.925699735
1645654527442,37.43136127,-122.162472,12.90405292
1645654528442,37.43143042,-122.1624574,10.90384843
1645654529442,37.43150504,-122.1624567,12.81182559
1645654530442,37.43149824,-122.162418,10.64675748
1645654531442,37.43150321,-122.1623962,11.04672763
1645654532442,37.43150633,-122.1623566,13.34322002
1645654533442,37.43155551,-122.1622944,9.854777674
1645654534442,37.43160177,-122.1622628,20.44738196
1645654535442,37.43161481,-122.1622621,6.59950773
1645654536442,37.43160644,-122.1621677,3.975986068
1645654537442,37.43161066,-122.1621243,8.884528776
1645654538442,37.43164478,-122.1621449,12.13465645
1645654539442,37.43166395,-122.1621014,1.977045732
1645654540442,37.43171139,-122.1620834,3.764792778
1645654541442,37.43170813,-122.1620589,7.2710809
1645654542442,37.43176756,-122.1620004,6.12703819
1645654543442,37.43175739,-122.1619911,2.081871996
1645654544442,37.43178258,-122.1619606,5.249859183
1645654545442,37.43184489,-122.1619471,10.62392331
1645654546442,37.43185332,-122.1619171,23.09859118
1645654547442,37.43186851,-122.1618598,12.41721265
1645654548442,37.43190193,-122.1618225,13.51179627
1645654549442,37.43191106,-122.1617726,15.69449442
1645654550442,37.43194925,-122.161726,17.44832755
1645654551442,37.43202931,-122.1617187,21.75205402
1645654552442,37.43199017,-122.1617262,21.7711033
1645654553442,37.43206681,-122.1616996,24.02690356
1645654554442,37.43208559,-122.1617422,18.25745271
1645654555442,37.43210196,-122.1616847,9.205979666
1645654556442,37.43211001,-122.1616831,4.790859614
1645654557442,37.43215356,-122.1617192,17.96496665
1645654558442,37.43218939,-122.1617216,5.060052074
1645654559442,37.432237,-122.1617085,7.915508016
1645654560442,37.43224298,-122.1617103,9.089422863
1645654561442,37.43227452,-122.1617443,9.041264532
1645654562442,37.43228245,-122.1617142,13.00582945
1645654563442,37.43232442,-122.1617433,10.25591459
1645654564442,37.43239821,-122.1618619,12.17099301
1645654565442,37.43241172,-122.1617981,7.262061588
1645654566442,37.43237149,-122.1617979,5.399376161
1645654567442,37.43240504,-122.1618904,10.09331646
1645654568442,37.43243415,-122.1619121,1.112825982
1645654569442,37.43247852,-122.1619597,-2.492399994
1645654570442,37.43249557,-122.16201,8.439762116
1645654571442,37.43250328,-122.1620222,3.091801181
1645654572442,37.43250488,-122.1620782,3.632181863
1645654573442,37.43248089,-122.1621243,-0.52835903
1645654574442,37.43251087,-122.1621341,-4.350750725
1645654575442,37.43250531,-122.1621742,-9.909980787
1645654576442,37.4325817,-122.1622474,1.407141526
1645654577442,37.43255583,-122.162267,3.583401438
1645654578442,37.4325359,-122.1623244,0.949002232
1645654579442,37.4324907,-122.1623349,-7.31933396
1645654580442,37.43249013,-122.1623545,-5.109057629
1645654581442,37.43254731,-122.1624038,2.244289521
1645654582442,37.43245425,-122.1624822,3.064320537
1645654583442,37.43244076,-122.1625369,2.315783798
1645654584442,37.43242091,-122.1625462,-1.623815179
1645654585442,37.43240272,-122.1625983,1.298265238
1645654586442,37.43240847,-122.1625673,-4.588910908
1645654587442,37.43236316,-122.1625967,-7.762683222
1645654588442,37.43232841,-122.1626684,-2.069040819
1645654589442,37.43233627,-122.1626851,-4.727898378
1645654590442,37.43229174,-122.1627154,-7.180659515
1645654591442,37.43228155,-122.1627191,-3.203937699
1645654592442,37.43223549,-122.1627806,-6.209215598
1645654593442,37.43223781,-122.1628244,-4.023118361
1645654594442,37.43215774,-122.1628225,-2.000605217
1645654595442,37.43217669,-122.1628667,-8.468999338
1645654596442,37.4321484,-122.1628639,-2.30977091
1645654597442,37.43212312,-122.1629041,-5.505169688
1645654598442,37.43211818,-122.1629416,-6.78536085
1645654599442,37.43209106,-122.1629594,-2.664310698
1645654600442,37.43206469,-122.1630193,-6.145924281
1645654601442,37.43202307,-122.1630192,2.76475234
1645654602442,37.43202408,-122.1630355,-8.515827804
1645654603442,37.43198586,-122.1630758,2.829607067
1645654604442,37.43198883,-122.16314,-5.042970812
1645654605442,37.43196203,-122.1631431,-6.803042226
1645654606442,37.43195755,-122.1631623,0.986204546
1645654607442,37.43190541,-122.163202,-11.39341465
1645654608442,37.43186495,-122.1632251,4.278087044
1645654609442,37.43185658,-122.1632956,-4.538499513
1645654610442,37.43184594,-122.1632758,-4.087157634
1645654611442,37.43179538,-122.1633421,3.236928264
1645654612442,37.43175987,-122.1633172,4.831834298
1645654613442,37.43166909,-122.1633469,17.51721592
1645654614442,37.43173233,-122.1633843,-8.063990368
1645654615442,37.43168734,-122.1633835,-7.892519079
1645654616442,37.43163833,-122.1634045,-1.353308515
1645654617442,37.43163172,-122.1634073,-4.936837094
1645654618442,37.4315646,-122.1634131,-1.987351513
1645654619442,37.43157305,-122.163358,0.610928155
1645654620442,37.43152475,-122.1633668,-5.451984754
1645654621442,37.4314952,-122.1633838,-5.68077969
1645654622442,37.4314501,-122.16335,-2.269067536
1645654623442,37.43143516,-122.163351,0.6222207
1645654624442,37.43143922,-122.1633184,-3.054309481
1645654625442,37.43137924,-122.1633238,-4.457626344
1645654626442,37.43137301,-122.1632908,-0.99178766
1645654627442,37.4313427,-122.1632406,7.513827365
1645654628442,37.43130336,-122.163179,3.619528803
1645654629442,37.43129963,-122.1631931,1.738561639
1645654630442,37.43125648,-122.1631175,2.007153921
1645654631442,37.43125476,-122.1631112,7.29102817
1645654632442,37.43123448,-122.1630602,2.868102815
1645654633442,37.43125359,-122.163047,-7.793080608
1645654634442,37.4312106,-122.1629693,5.702397702
1645654635442,37.43119516,-122.1629361,-0.037768565
1645654636442,37.43122966,-122.1628958,-5.806870046
1645654637442,37.43122537,-122.1628065,-4.387525184
1645654638442,37.43120754,-122.1628327,0.515782374
1645654639442,37.43120824,-122.1627129,-2.335864201
1645654640442,37.43121277,-122.1627219,7.850657219
1645654641442,37.43126148,-122.1627209,-9.51061002
1645654642442,37.43125305,-122.1626782,-0.108775812
1645654643442,37.43130613,-122.1626203,3.474986837
1645654644442,37.43133182,-122.1625899,0.458493394
1645654645442,37.43137713,-122.1625288,10.04379452
1645654646442,37.43136694,-122.1625016,1.159606574
1645654647442,37.43139004,-122.1624801,8.505927842
1645654648442,37.43146075,-122.1624776,8.272136129
1645654649442,37.43147874,-122.1624739,14.43851624
1645654650442,37.43148244,-122.1623788,12.91015304
1645654651442,37.43154258,-122.1623692,8.482829602
1645654652442,37.43152631,-122.1623231,18.96530438
1645654653442,37.43161715,-122.1623111,13.23624801
1645654654442,37.43153612,-122.1622659,5.195397965
1645654655442,37.4316153,-122.1622077,8.782833875
1645654656442,37.43161309,-122.1621605,10.73600667
1645654657442,37.43162911,-122.162184,10.36307078
1645654658442,37.43164433,-122.1621429,15.0111395
1645654659442,37.4316971,-122.1621196,8.317571744
1645654660442,37.43168625,-122.1620759,12.3271732
1645654661442,37.43171816,-122.1620939,-2.104294483
1645654662442,37.43173692,-122.1620296,12.31777432
1645654663442,37.43178357,-122.1620481,2.585098491
1645654664442,37.43178346,-122.1619661,1.153204688
1645654665442,37.43177407,-122.1620121,9.329536731
1645654666442,37.43179019,-122.161916,15.67959965
1645654667442,37.43186113,-122.1618595,17.86624786
1645654668442,37.43183436,-122.1618295,19.06042416
1645654669442,37.43195037,-122.1618286,17.69186244
1645654670442,37.43200421,-122.1617988,30.68883213
1645654671442,37.43195031,-122.1617392,7.940093606
1645654672442,37.4319567,-122.1617628,28.12497328
1645654673442,37.43198775,-122.1617075,17.30788293
1645654674442,37.43198661,-122.1617088,15.64728995
1645654675442,37.43206556,-122.1616892,12.04952211
1645654676442,37.43213566,-122.1617163,20.98395206
1645654677442,37.43210718,-122.1616403,23.88629274
1645654678442,37.43215921,-122.1616992,4.48108566
1645654679442,37.43216655,-122.1617175,7.952900123
1645654680442,37.43223005,-122.1617291,3.938778171
1645654681442,37.43221343,-122.1617034,4.347415194
1645654682442,37.43228316,-122.1617424,7.396054218
1645654683442,37.43226917,-122.1616986,19.59859053
1645654684442,37.43231735,-122.1617312,12.38745794
1645654685442,37.43234398,-122.161753,5.75037835
1645654686442,37.43231825,-122.1617759,2.624090705
1645654687442,37.43239576,-122.1618132,12.71844283
1645654688442,37.4324493,-122.1618823,1.693572487
1645654689442,37.43243382,-122.1618971,7.161194082
1645654690442,37.43248131,-122.1619204,6.047292071
1645654691442,37.43245833,-122.1619528,10.06555934
1645654692442,37.43247891,-122.1620028,-2.527267044
1645654693442,37.4325302,-122.1620489,5.239699889
1645654694442,37.43251401,-122.1621133,2.275099467
1645654695442,37.43255455,-122.1621266,-2.341654457
1645654696442,37.43252436,-122.1621876,-7.404316794
1645654697442,37.43250662,-122.1622072,-6.509746431
1645654698442,37.43251582,-122.1622587,-9.75843271
1645654699442,37.43250669,-122.1622565,-1.168566446
1645654700442,37.4324765,-122.1622769,-9.91900888
1645654701442,37.43251174,-122.1623604,-3.695387532
1645654702442,37.432507,-122.1624082,-9.545762777
1645654703442,37.43250925,-122.1624646,-3.93737315
1645654704442,37.43248464,-122.1624791,-4.434970611
1645654705442,37.43241245,-122.1625404,3.495031103
1645654706442,37.43243333,-122.1625116,-4.318707793
1645654707442,37.43237583,-122.1625747,-3.507537354
1645654708442,37.43239406,-122.162598,-6.775006536
1645654709442,37.43240055,-122.162582,-5.875908965
1645654710442,37.43237154,-122.1626522,-11.40841393
1645654711442,37.43232234,-122.1626553,-8.608785322
1645654712442,37.43231773,-122.1627309,-2.602058884
1645654713442,37.43228244,-122.1627121,4.093745524
1645654714442,37.43226641,-122.162739,-3.378155483
1645654715442,37.43224677,-122.1627966,-3.243018811
1645654716442,37.43222799,-122.1628,3.911448314
1645654717442,37.43220152,-122.1628103,-13.05361401
1645654718442,37.43214169,-122.1628722,8.012113956
1645654719442,37.43217553,-122.1628781,-6.859337314
1645654720442,37.43216455,-122.1629205,-7.8519931
1645654721442,37.43210874,-122.1629585,-1.494459044
1645654722442,37.43208879,-122.1629601,-1.942248056
1645654723442,37.4320697,-122.1630004,-10.14878031
1645654724442,37.43206433,-122.1630345,-2.568015193
1645654725442,37.43200085,-122.1630192,-5.501201
1645654726442,37.43197219,-122.1631227,-2.832807819
1645654727442,37.43196779,-122.1631018,2.680528793
1645654728442,37.43199503,-122.1630992,-3.723112925
1645654729442,37.43192933,-122.1631843,-5.530269059
1645654730442,37.43190663,-122.1632015,-2.978088931
1645654731442,37.43187485,-122.1632307,-3.995598247
1645654732442,37.4318868,-122.1632686,-1.351828877
1645654733442,37.4318798,-122.1632315,-3.986942198
1645654734442,37.43180865,-122.1633431,3.746544213
1645654735442,37.43176526,-122.1633601,-5.630230615
1645654736442,37.43170584,-122.1633837,3.746818622
1645654737442,37.43170742,-122.1633529,-4.708540172
1645654738442,37.43167977,-122.1634089,-3.55665184
1645654739442,37.43168784,-122.1633474,-4.288663434
1645654740442,37.43160097,-122.1633774,-1.076298298
1645654741442,37.43160127,-122.1633834,-0.598503215
1645654742442,37.43156725,-122.1634222,-2.851329075
1645654743442,37.43151546,-122.1634108,-10.61909346
1645654744442,37.43149906,-122.1633889,-4.670671623
1645654745442,37.43147568,-122.1633446,-3.546596822
1645654746442,37.43146407,-122.1633505,-8.434234534
1645654747442,37.43143058,-122.1633397,-4.401496698
1645654748442,37.43139771,-122.1632767,-2.217932864
1645654749442,37.43137354,-122.1632803,0.70307018
1645654750442,37.43135168,-122.1632924,3.312459967
1645654751442,37.43132292,-122.1632073,-1.436641291
1645654752442,37.43128799,-122.1631853,4.328862079
1645654753442,37.43127349,-122.1631658,1.217428979
1645654754442,37.43124824,-122.1631431,4.330328148
1645654755442,37.43124551,-122.1631167,-3.482081877
1645654756442,37.43122658,-122.1630443,-0.026945977
1645654757442,37.43123509,-122.1630203,2.070953935
1645654758442,37.43122893,-122.1629788,3.028753918
1645654759442,37.43121103,-122.1629265,-2.897668017
1645654760442,37.43120019,-122.1628506,0.009639301
1645654761442,37.43121769,-122.1627983,0.352795959
1645654762442,37.43120898,-122.1627701,-0.2298383
1645654763442,37.43122261,-122.1627369,3.170273775
1645654764442,37.43123197,-122.1626929,-6.46095752
1645654765442,37.43128281,-122.1626858,2.427388383
1645654766442,37.43131537,-122.1626037,9.138324746
1645654767442,37.43131858,-122.1625706,6.220609896
1645654768442,37.43131596,-122.1625323,2.94393604
1645654769442,37.43132609,-122.1624631,5.530128201
1645654770442,37.43140255,-122.1624731,0.530185592
1645654771442,37.43146339,-122.162448,16.33727013
1645654772442,37.43144907,-122.1624252,4.534493466
1645654773442,37.43155319,-122.162424,16.55532377
1645654774442,37.4314705,-122.1623999,-0.934808633
1645654775442,37.43150353,-122.1622985,-1.628329798
1645654776442,37.431556,-122.1623238,11.76831242
1645654777442,37.43156243,-122.1622601,10.41693983
1645654778442,37.43162121,-122.1621933,13.55688202
1645654779442,37.43164497,-122.1622047,12.59759247
1645654780442,37.43158786,-122.1622045,6.593438569
1645654781442,37.43163927,-122.1620935,13.58267036
1645654782442,37.43166484,-122.1621339,5.449363806
1645654783442,37.43166955,-122.1621296,8.30395638
1645654784442,37.43171225,-122.1620676,10.38129335
1645654785442,37.43177771,-122.1620194,15.74379894
1645654786442,37.43175331,-122.1619848,8.414940439
1645654787442,37.43177329,-122.1619405,5.847014396
1645654788442,37.43183723,-122.1619722,17.79812492
1645654789442,37.43181974,-122.1619179,11.20652477
1645654790442,37.43186319,-122.1619446,10.18636052
1645654791442,37.43189708,-122.1618373,5.543877495
1645654792442,37.4319139,-122.1617917,18.92144245
1645654793442,37.43192562,-122.1617585,10.79959873
1645654794442,37.43191529,-122.1617311,22.11612395
1645654795442,37.43197776,-122.1617329,19.4294354
1645654796442,37.43197137,-122.1617387,9.308029413
1645654797442,37.43203462,-122.1616648,21.31018761
1645654798442,37.43206741,-122.1617066,22.33818902
1645654799442,37.43206808,-122.1617218,11.77202108
1645654800442,37.43215812,-122.1616418,44.18686479
1645654801442,37.43209986,-122.1616375,26.33039622
1645654802442,37.43215703,-122.161668,10.9574762
1645654803442,37.43220634,-122.1616887,7.693895192
1645654804442,37.43219545,-122.1617064,16.30903335
1645654805442,37.43225925,-122.1617193,4.178538353
1645654806442,37.43226541,-122.1617115,9.043585698
1645654807442,37.43229633,-122.1617141,17.55813993
1645654808442,37.43232154,-122.1617701,3.611226534
1645654809442,37.43240019,-122.1617884,7.068883249
1645654810442,37.43239127,-122.161848,-1.871122493
1645654811442,37.43240232,-122.1618366,3.023478731
1645654812442,37.43245139,-122.1619033,5.712755669
1645654813442,37.43246535,-122.1619027,-6.564240718
1645654814442,37.43247524,-122.1619593,7.296417779
1645654815442,37.43249123,-122.1619883,-1.03929746
1645654816442,37.43248569,-122.1620489,1.95261112
1645654817442,37.43255252,-122.1621137,-5.143420087
1645654818442,37.43251059,-122.1621379,-1.915823732
1645654819442,37.43252367,-122.1621662,3.004340224
1645654820442,37.43251915,-122.1622479,-4.608073727
1645654821442,37.43251133,-122.162247,-3.265809562
1645654822442,37.43247959,-122.1622848,-10.72426864
1645654823442,37.43250563,-122.1623395,-0.16090792
1645654824442,37.43254785,-122.162359,-9.562664829
1645654825442,37.4324957,-122.1623979,-1.962218851
1645654826442,37.43247545,-122.1624872,-9.402883788
1645654827442,37.43247074,-122.1624677,-6.646949017
1645654828442,37.43247985,-122.1625017,-2.093256455
1645654829442,37.43241167,-122.1625438,2.780298576
1645654830442,37.43242837,-122.1625479,-8.05488403
1645654831442,37.43238451,-122.1625991,5.374398958
1645654832442,37.43236438,-122.1626418,-8.153213023
1645654833442,37.43233576,-122.162631,-0.92396936
1645654834442,37.43231199,-122.1626961,4.492094465
1645654835442,37.4322484,-122.1627203,-10.00647671
1645654836442,37.4322539,-122.1627128,-7.254504852
1645654837442,37.432273,-122.1627277,2.655109517
1645654838442,37.432221,-122.1628103,-3.289067818
1645654839442,37.43219235,-122.1628288,6.030838224
1645654840442,37.43219449,-122.1628115,0.445663938
1645654841442,37.43215004,-122.1628802,0.911283644
1645654842442,37.43214572,-122.1629033,-3.462545121
1645654843442,37.43210741,-122.1629594,-0.062872082
1645654844442,37.43209385,-122.1629693,-2.05164741
1645654845442,37.43209992,-122.1629922,-5.503411621
1645654846442,37.43205605,-122.1630264,-8.276211238
1645654847442,37.43202476,-122.1630376,3.621799044
1645654848442,37.43198359,-122.1630848,1.058086318
1645654849442,37.43200588,-122.163104,0.44815369
1645654850442,37.431979,-122.1631332,-12.27308817
1645654851442,37.43193726,-122.1631924,-7.737162253
1645654852442,37.43192685,-122.1631792,-10.84076789
1645654853442,37.4318803,-122.1632286,-1.167526533
1645654854442,37.43186842,-122.1632734,-4.875835309
1645654855442,37.43182566,-122.1632858,1.794819186
1645654856442,37.43180789,-122.1633549,-0.357864195
1645654857442,37.43179421,-122.163315,3.773569368
1645654858442,37.43174519,-122.1632941,-1.18700677
1645654859442,37.43170508,-122.1633226,-0.112856634
1645654860442,37.43165747,-122.1633638,2.97571614
1645654861442,37.43166784,-122.1633622,-4.728400546
1645654862442,37.43163802,-122.1634136,-1.541389643
1645654863442,37.43160702,-122.1633708,-0.495774258
1645654864442,37.43156279,-122.1633927,0.836733773
1645654865442,37.43152135,-122.1634269,4.375896607
1645654866442,37.43151656,-122.163332,1.872699187
1645654867442,37.43151972,-122.1633525,-9.623619516
1645654868442,37.43144999,-122.1633623,-4.030948421
1645654869442,37.43143995,-122.163338,4.351587397
1645654870442,37.43138059,-122.1633201,-4.392239373
1645654871442,37.431352,-122.163271,-1.122424438
1645654872442,37.43132467,-122.1632166,6.624829983
1645654873442,37.43132795,-122.163238,0.015624486
1645654874442,37.43129798,-122.1631768,-0.684214726
1645654875442,37.43124899,-122.1631639,-1.12439196
1645654876442,37.43127676,-122.1631467,-4.065192923
1645654877442,37.43123919,-122.1631135,-0.576384986
1645654878442,37.4312281,-122.1630348,1.679121885
1645654879442,37.43122479,-122.1630227,0.685119133
1645654880442,37.43121631,-122.1629592,6.177910915
1645654881442,37.4312116,-122.1629253,2.193403855
1645654882442,37.43121886,-122.1628804,-0.415456468
1645654883442,37.43120635,-122.1628175,-0.3472906
1645654884442,37.43125223,-122.1628128,0.82651663
1645654885442,37.43121568,-122.1627665,11.52397581
1645654886442,37.43122585,-122.1627189,1.852511845
1645654887442,37.43124234,-122.1626523,9.209786734
1645654888442,37.43129997,-122.1626542,-1.503018304
1645654889442,37.43130327,-122.1625983,7.742654318
1645654890442,37.43134914,-122.1625459,6.114522204
1645654891442,37.43133461,-122.1625041,11.48588805
1645654892442,37.4313862,-122.1625548,11.55369608
1645654893442,37.43143755,-122.1624995,8.473559318
1645654894442,37.4314571,-122.1624229,8.714524737
1645654895442,37.43145035,-122.1624086,8.974906133
1645654896442,37.43149771,-122.1623609,8.417775262
1645654897442,37.43150552,-122.162348,5.350113085
1645654898442,37.43155579,-122.1623116,13.364943
1645654899442,37.43152133,-122.1622606,4.292534737
1645654900442,37.43160233,-122.162222,6.295976941
1645654901442,37.43162306,-122.1621874,14.87255267
1645654902442,37.43160105,-122.1621697,13.90698822
1645654903442,37.43166521,-122.162163,4.42507981
1645654904442,37.43167369,-122.1621067,6.107575578
1645654905442,37.4317527,-122.1620896,12.89854661
1645654906442,37.43179143,-122.1620468,18.36635003
1645654907442,37.43173768,-122.1619897,5.888261263
1645654908442,37.43179094,-122.1619907,11.95756188
1645654909442,37.43180704,-122.1619238,6.488077643
1645654910442,37.43187515,-122.1619156,16.34483988
1645654911442,37.43186291,-122.1618404,10.24808375
1645654912442,37.4319425,-122.1618334,12.08665365
1645654913442,37.43195586,-122.1618236,18.3874826
1645654914442,37.43199587,-122.1617734,9.641267417
1645654915442,37.43199986,-122.1617398,15.66736738
1645654916442,37.43199826,-122.1615266,76.04312609
1645654917442,37.43206742,-122.1616892,30.30623807
1645654918442,37.4320863,-122.1614732,76.16339237
1645654919442,37.43211057,-122.1614073,93.33965025
1645654920442,37.43209715,-122.1616664,7.593517637
1645654921442,37.43218182,-122.1616727,7.918503726
1645654922442,37.43215278,-122.1616722,18.24465107
1645654923442,37.4322061,-122.1616326,25.20948873
1645654924442,37.43221494,-122.1616411,12.77430285
1645654925442,37.43224001,-122.1616103,30.02499428
1645654926442,37.43229713,-122.1616609,28.22345563
1645654927442,37.43233719,-122.1617133,16.46041974
1645654928442,37.43236473,-122.1617587,15.07938274
1645654929442,37.43234375,-122.1617704,4.812565739
1645654930442,37.4323412,-122.1617627,8.52353235
1645654931442,37.43239134,-122.1618175,11.32185373
1645654932442,37.43243801,-122.1619236,8.745728493
1645654933442,37.43245696,-122.1619447,10.74518638
1645654934442,37.4324827,-122.1619824,5.637870737
1645654935442,37.43249859,-122.1620396,5.138172978
1645654936442,37.43251527,-122.1620987,8.656764233
1645654937442,37.43253294,-122.1621262,-0.498103183
1645654938442,37.4325183,-122.1621543,-6.641739124
1645654939442,37.43254157,-122.162177,3.435806777
1645654940442,37.43252531,-122.1622305,0.127222231
1645654941442,37.43252352,-122.1622711,-2.41883764
1645654942442,37.43250755,-122.1623599,-3.843211132
1645654943442,37.43252921,-122.1622953,5.51660524
1645654944442,37.4325041,-122.1623941,-8.793899745
1645654945442,37.43248896,-122.1623806,3.424426851
1645654946442,37.43246259,-122.1624598,-0.587058851
1645654947442,37.43243878,-122.1625159,-0.525421425
1645654948442,37.43241393,-122.1625043,1.439540266
1645654949442,37.43241207,-122.1625423,-5.462088925
1645654950442,37.4324016,-122.1625901,-10.84032662
1645654951442,37.43234552,-122.1626031,-4.64770386
1645654952442,37.43230404,-122.1626324,-2.551982982
1645654953442,37.43231686,-122.1627026,-7.845028182
1645654954442,37.43230258,-122.1627188,-4.110247357
1645654955442,37.43227643,-122.1626922,-3.427919207
1645654956442,37.43222023,-122.1627737,-2.075604403
1645654957442,37.43219395,-122.1628137,-2.545465547
1645654958442,37.43223487,-122.1628165,-4.084303821
1645654959442,37.43216089,-122.1629013,-1.35811899
1645654960442,37.43210536,-122.1628785,-1.680103365
1645654961442,37.43208838,-122.1629541,-2.2722669
1645654962442,37.43210129,-122.1629656,-3.697883255
1645654963442,37.43205159,-122.1630244,3.990621253
1645654964442,37.43206176,-122.1630225,-5.494019178
1645654965442,37.43201792,-122.1630756,-5.052363619
1645654966442,37.43197932,-122.1631015,-7.658339511
1645654967442,37.43196996,-122.1631399,-1.769256049
1645654968442,37.43193142,-122.1631719,-2.849181063
1645654969442,37.43190817,-122.1632,-7.225088831
1645654970442,37.43190185,-122.1632271,-3.683160589
1645654971442,37.43184389,-122.163247,7.716398573
1645654972442,37.43182775,-122.1633365,-13.09161981
1645654973442,37.43175756,-122.1632789,-2.896317232
1645654974442,37.43172775,-122.1633285,9.267736325
1645654975442,37.43168768,-122.1633455,-1.74601245
1645654976442,37.43173644,-122.1633571,3.186403003
1645654977442,37.43167551,-122.1633397,3.493953494
1645654978442,37.43167105,-122.1634024,2.73598519
1645654979442,37.43163936,-122.1633639,11.72110636
1645654980442,37.43159524,-122.1633783,4.039666367
1645654981442,37.43158444,-122.1633857,-10.65836965
1645654982442,37.43149669,-122.1633896,-0.308404433
1645654983442,37.43149262,-122.1633445,-5.416740165
1645654984442,37.43148004,-122.1633593,-6.179383033
1645654985442,37.43142482,-122.1633416,3.780021813
1645654986442,37.43138568,-122.1633156,-4.495956637
1645654987442,37.43137663,-122.1632852,0.68405164
1645654988442,37.43135517,-122.1632472,2.501437552
1645654989442,37.4313261,-122.1632504,-2.242154308
1645654990442,37.43130562,-122.1632101,-3.687817512
1645654991442,37.43127662,-122.1631765,2.710656951
1645654992442,37.43126929,-122.1631396,6.502699314
1645654993442,37.43125783,-122.1631195,10.52868278
1645654994442,37.43122128,-122.1630562,-3.087986119
1645654995442,37.43124024,-122.1630683,-0.433465612
1645654996442,37.43122597,-122.1629576,-1.351372241
1645654997442,37.43119162,-122.1629541,-1.987962471
1645654998442,37.43124317,-122.1629338,-0.841285309
1645654999442,37.43123442,-122.1628738,5.788334292
1645655000442,37.43123345,-122.1628108,6.593978362
1645655001442,37.43122109,-122.1627825,2.248205895
1645655002442,37.43123728,-122.1627233,8.146195589
1645655003442,37.43127619,-122.1626971,2.126957227
1645655004442,37.4312509,-122.1626387,-0.741870521
1645655005442,37.43125782,-122.1626303,9.82649206
1645655006442,37.43134741,-122.1626121,4.316112678
1645655007442,37.4313262,-122.162543,8.241100312
1645655008442,37.43131854,-122.1625301,6.805829913
1645655009442,37.43137371,-122.1625154,2.496291137
1645655010442,37.43139219,-122.1624498,14.98352151
1645655011442,37.43142392,-122.1624099,4.675502687
1645655012442,37.43148689,-122.1624189,14.79810227
1645655013442,37.43153165,-122.1623872,15.78186338
1645655014442,37.43151592,-122.1623934,14.28288553
1645655015442,37.43147514,-122.1623181,12.42392251
1645655016442,37.43153947,-122.1622995,12.53323897
1645655017442,37.43159471,-122.16227,8.850338977
1645655018442,37.43156584,-122.1622213,9.47484317
1645655019442,37.43160308,-122.1621989,14.04801939
1645655020442,37.43157908,-122.1621792,5.485555097
1645655021442,37.4316173,-122.1621395,5.159896357
1645655022442,37.43162615,-122.1621224,11.51214463
1645655023442,37.43165705,-122.1621422,4.840589521
1645655024442,37.4316763,-122.1620892,15.47243888
1645655025442,37.43172001,-122.1620734,12.4687859
1645655026442,37.4317684,-122.1620213,1.921046279
1645655027442,37.4317376,-122.1619814,5.668239669
1645655028442,37.43174461,-122.1619876,8.03842188
1645655029442,37.4318156,-122.1619405,10.9434584
1645655030442,37.43185112,-122.1619238,15.14203987
1645655031442,37.43184799,-122.1618884,14.51910311
1645655032442,37.43197462,-122.1618672,17.39824475
1645655033442,37.43189873,-122.1618187,8.62911692
1645655034442,37.43189698,-122.1618302,13.38454212
1645655035442,37.43195018,-122.161755,12.71661385
1645655036442,37.43201926,-122.1617422,8.813005933
1645655037442,37.43202177,-122.1617594,16.3799042
1645655038442,37.43198647,-122.1617052,11.12224422
1645655039442,37.4320704,-122.1616978,17.7098999
1645655040442,37.43208569,-122.1616053,37.96559525
1645655041442,37.43208232,-122.1615989,31.66331085
1645655042442,37.43208466,-122.1615328,41.67634186
1645655043442,37.43217088,-122.1616795,8.500097868
1645655044442,37.43219406,-122.1616762,16.21277341
1645655045442,37.43222417,-122.1616873,17.25623892
1645655046442,37.43223242,-122.1617027,8.620967921
1645655047442,37.43225176,-122.161692,17.34724454
1645655048442,37.43226041,-122.1617269,5.85638718
1645655049442,37.43227701,-122.1617076,27.36377594
1645655050442,37.43232475,-122.1617622,11.81846901
1645655051442,37.43229188,-122.1616797,28.03425086
1645655052442,37.43234553,-122.1617629,17.39393886
1645655053442,37.43239736,-122.1618163,12.09908929
1645655054442,37.43240357,-122.1618497,6.688146802
1645655055442,37.43245155,-122.1619373,9.937709542
1645655056442,37.43244989,-122.161921,1.373584659
1645655057442,37.43247512,-122.161987,12.01490672
1645655058442,37.43250989,-122.1620197,8.556359482
1645655059442,37.43249735,-122.1620459,-1.974124913
1645655060442,37.43250784,-122.1621244,-4.228800469
1645655061442,37.43254256,-122.1621265,2.390731027
1645655062442,37.43250336,-122.1621789,-0.508784742
1645655063442,37.43254093,-122.1622234,-5.037603829
1645655064442,37.43250125,-122.1622389,-4.936504044
1645655065442,37.4325038,-122.1622991,-0.394637089
1645655066442,37.43250173,-122.1623119,1.58438009
1645655067442,37.43249009,-122.1624028,1.565444597
1645655068442,37.43249133,-122.1624429,2.185623826
1645655069442,37.43248681,-122.1624285,-4.385071225
1645655070442,37.43244921,-122.1625153,-4.201982675
1645655071442,37.43243308,-122.1625315,-9.448466566
1645655072442,37.43243083,-122.1625608,-7.788640874
1645655073442,37.43240641,-122.1625719,-4.664465169
1645655074442,37.43240044,-122.1625916,-4.008744005
1645655075442,37.4323475,-122.1626409,-0.527420683
1645655076442,37.43232105,-122.162635,-3.923244258
1645655077442,37.43229804,-122.1627185,-3.140919565
1645655078442,37.43229717,-122.1627048,1.242870933
1645655079442,37.43226819,-122.1627454,-0.931714777
1645655080442,37.43224246,-122.1627715,-1.483270976
1645655081442,37.43222435,-122.162803,-2.300423195
1645655082442,37.43220869,-122.1628398,-8.879730614
1645655083442,37.4321829,-122.1628544,0.061040111
1645655084442,37.4321639,-122.1628843,5.779880109
1645655085442,37.43214809,-122.1628816,-0.257768268
1645655086442,37.4321531,-122.1629484,-6.877398971
1645655087442,37.43212044,-122.1629827,-10.64303117
1645655088442,37.4321012,-122.1629767,4.046844368
1645655089442,37.43204729,-122.1630261,-6.567873665
1645655090442,37.43205302,-122.1630687,-2.151472946
1645655091442,37.4320008,-122.163093,-0.162571726
1645655092442,37.43198924,-122.1631345,-1.042428807
1645655093442,37.43197711,-122.1631408,-2.676919525
1645655094442,37.43195607,-122.1631602,0.278400828
1645655095442,37.43193036,-122.163208,-4.040052334
1645655096442,37.43189339,-122.1632033,2.15785784
1645655097442,37.43188848,-122.1632419,1.919596505
1645655098442,37.43185464,-122.1632868,2.494368465
1645655099442,37.43182075,-122.1632758,1.004350176
1645655100442,37.43176715,-122.1633652,7.728568732
1645655101442,37.43177521,-122.1632484,4.623099973
1645655102442,37.43167936,-122.1633313,1.836423035
1645655103442,37.43169048,-122.1634013,-0.564063335
1645655104442,37.43168282,-122.1634038,-4.189957173
1645655105442,37.43166451,-122.1633717,-2.461288176
1645655106442,37.43158781,-122.1633773,4.192221203
1645655107442,37.43161444,-122.163362,5.077495841
1645655108442,37.43155974,-122.1633761,9.320882353
1645655109442,37.43154437,-122.1633851,4.821534124
1645655110442,37.43151204,-122.1633688,-2.503820594
1645655111442,37.43147337,-122.1633371,3.083648284
1645655112442,37.43145883,-122.1633325,-5.529550878
1645655113442,37.4314387,-122.1633247,-1.438498762
1645655114442,37.43139348,-122.1632996,4.43891107
1645655115442,37.43138447,-122.1632808,-1.003841431
1645655116442,37.43133675,-122.1632356,-1.123097239
1645655117442,37.43130562,-122.1632273,-3.698073051
1645655118442,37.43129083,-122.163194,4.204045429
1645655119442,37.43128202,-122.1631888,-6.423445504
1645655120442,37.43124442,-122.16311,8.325604228
1645655121442,37.43123657,-122.163093,-0.627758216
1645655122442,37.43122617,-122.1630301,9.831766419
1645655123442,37.43121862,-122.1629764,9.480820374
1645655124442,37.43120795,-122.162977,6.788131103
1645655125442,37.43121213,-122.1629069,6.636810212
1645655126442,37.43122253,-122.1629191,3.46721331
1645655127442,37.43119795,-122.1628276,-1.736995883
1645655128442,37.43120012,-122.1627678,9.205747132
1645655129442,37.43122679,-122.1627756,3.525165413
1645655130442,37.43124256,-122.1627487,8.442718584
1645655131442,37.4312651,-122.1627273,5.673901512
1645655132442,37.43127102,-122.162673,5.873066826
1645655133442,37.43125063,-122.1626333,4.301097193
1645655134442,37.4312879,-122.1625989,9.796062784
1645655135442,37.43131531,-122.1625697,6.938123871
1645655136442,37.43136974,-122.1625233,5.277185641
1645655137442,37.4313666,-122.1624961,7.758261361
1645655138442,37.43136409,-122.1624535,11.49838504
1645655139442,37.43144829,-122.1624767,9.275515496
1645655140442,37.43148039,-122.1624464,13.38441704
1645655141442,37.43150401,-122.1624065,7.679933292
1645655142442,37.4315544,-122.1623815,12.43022457
1645655143442,37.43149736,-122.1623284,17.04460848
1645655144442,37.43148578,-122.1623004,0.282387734
1645655145442,37.43146545,-122.1622392,-0.790442228
1645655146442,37.43159284,-122.1622583,7.326422324
1645655147442,37.43158125,-122.1621969,10.93449269
1645655148442,37.43153657,-122.1622316,1.347422154
1645655149442,37.4316303,-122.1621517,12.06263649
1645655150442,37.43172614,-122.1621811,12.49576871
1645655151442,37.43161825,-122.1621388,4.668195451
1645655152442,37.43166913,-122.1620971,12.08318235
1645655153442,37.43172392,-122.1621062,12.42210885
1645655154442,37.43175348,-122.1620446,12.50978313
1645655155442,37.43178149,-122.1620389,17.61374635
1645655156442,37.43178423,-122.1620006,6.414309044
1645655157442,37.43178517,-122.1619396,8.567037846
1645655158442,37.4318697,-122.1619415,8.187677698
1645655159442,37.43182194,-122.1618824,6.810556554
1645655160442,37.43190353,-122.1618874,8.448041514
1645655161442,37.43193363,-122.1618944,13.18122691
1645655162442,37.43190273,-122.161822,10.4512099
1645655163442,37.43193695,-122.1618044,5.287945496
1645655164442,37.43200715,-122.1617898,6.389835653
1645655165442,37.43197154,-122.1617655,7.962569733
1645655166442,37.43200489,-122.161779,10.88728452
1645655167442,37.43213608,-122.1617796,14.81374866
1645655168442,37.43212771,-122.1617557,12.40154217
1645655169442,37.43212466,-122.1617094,14.74695281
1645655170442,37.43206579,-122.1616405,22.42370066
1645655171442,37.43211607,-122.1615653,36.8662038
1645655172442,37.43220714,-122.16163,28.01669214
1645655173442,37.43215425,-122.1617053,5.779038751
1645655174442,37.43221145,-122.1617066,11.53168305
1645655175442,37.43225733,-122.1616349,35.36792257
1645655176442,37.4322245,-122.1615682,41.75680419
1645655177442,37.43228811,-122.1617154,27.70635511
1645655178442,37.43229774,-122.1616778,32.29167654
1645655179442,37.43233495,-122.1617285,12.71388589
1645655180442,37.43231071,-122.1617393,27.13438678
1645655181442,37.43237999,-122.1618664,6.620513259
1645655182442,37.4324308,-122.1618672,8.411454844
1645655183442,37.43239131,-122.1619159,19.20826722
1645655184442,37.43244816,-122.1619443,10.49485156
1645655185442,37.43246009,-122.1619726,7.921564595
1645655186442,37.43248042,-122.1620082,-2.110916092
1645655187442,37.43250146,-122.1620522,1.588840718
1645655188442,37.43250416,-122.1620674,1.829254543
1645655189442,37.43251961,-122.1621285,7.227146608
1645655190442,37.43252231,-122.1621715,-3.794561056
1645655191442,37.43251524,-122.1621837,1.196747494
1645655192442,37.43251075,-122.1622579,0.859227539
1645655193442,37.43253342,-122.1622824,2.969449422
1645655194442,37.43251493,-122.1623416,-1.555537054
1645655195442,37.43250377,-122.1623688,0.48550429
1645655196442,37.4325114,-122.1624025,-2.086400131
1645655197442,37.43246925,-122.1624149,-8.024305185
1645655198442,37.43248448,-122.1624356,-7.407270081
1645655199442,37.43241857,-122.1624977,3.197313895
1645655200442,37.43242292,-122.1625359,1.114178853
1645655201442,37.43236895,-122.1625646,9.378367133
1645655202442,37.43237989,-122.1625872,2.254245835
1645655203442,37.4323733,-122.1626497,-5.014651162
1645655204442,37.4323566,-122.1626123,5.045047913
1645655205442,37.43233931,-122.1626663,6.952973749
1645655206442,37.4323259,-122.1626896,-3.438764011
1645655207442,37.43228969,-122.1626889,4.800881286
1645655208442,37.43226752,-122.1627558,1.93266075
1645655209442,37.43222583,-122.1627689,15.54505624
1645655210442,37.43223563,-122.1627869,-2.174843229
1645655211442,37.43217628,-122.1628028,9.174850001
1645655212442,37.43222435,-122.1628532,0.4391273
1645655213442,37.43218695,-122.1628506,-0.770596778
1645655214442,37.43215334,-122.1628857,-1.108758923
1645655215442,37.43208649,-122.1629282,8.302218651
1645655216442,37.43213489,-122.1629719,0.783377348
1645655217442,37.43209448,-122.1629659,-0.698953295
1645655218442,37.43207319,-122.1630368,-0.86154759
1645655219442,37.43202291,-122.1630645,11.18943723
1645655220442,37.43198982,-122.1630494,6.266259634
1645655221442,37.43197958,-122.1631192,-5.356819667
1645655222442,37.43196447,-122.1631388,3.289237161
1645655223442,37.43195994,-122.1631657,-7.147354303
1645655224442,37.4319162,-122.1631838,2.974275956
1645655225442,37.4319107,-122.1631875,-2.72356861
1645655226442,37.43187023,-122.1632619,-0.160636701
1645655227442,37.43186042,-122.1632583,-2.508938363
1645655228442,37.43183907,-122.1632726,-1.640446167
1645655229442,37.43178187,-122.1632943,3.218471569
1645655230442,37.43172769,-122.1633391,5.696604935
1645655231442,37.43162374,-122.1633749,12.26827699
1645655232442,37.43166459,-122.1633697,2.734655904
1645655233442,37.43168473,-122.1633703,1.825410791
1645655234442,37.43163763,-122.163401,-2.061187931
1645655235442,37.43163146,-122.1633507,0.80461806
1645655236442,37.43158575,-122.1633989,7.092745899
1645655237442,37.43154654,-122.1633708,2.941936814
1645655238442,37.43154374,-122.1633391,4.561908268
1645655239442,37.43148165,-122.1633787,3.715780661
1645655240442,37.4314885,-122.1633717,2.825465534
1645655241442,37.43142343,-122.1633477,4.437359602
1645655242442,37.43141397,-122.1633222,1.811457785
1645655243442,37.43139359,-122.1633192,0.778532805
1645655244442,37.43136294,-122.1632636,12.7125006
1645655245442,37.43134158,-122.1632444,0.50875417
1645655246442,37.43129738,-122.163176,-2.474063616
1645655247442,37.43129417,-122.1631816,4.904970993
1645655248442,37.43124807,-122.1631367,7.81296646
1645655249442,37.43124016,-122.1631176,7.070575591
1645655250442,37.43121902,-122.1630669,4.484143803
1645655251442,37.43122091,-122.1630329,6.105939684
1645655252442,37.4312372,-122.1630254,5.770457215
1645655253442,37.43121617,-122.1629616,-2.94244641
1645655254442,37.43122422,-122.1629285,0.855214322
1645655255442,37.4312222,-122.1628759,2.778887118
1645655256442,37.4311764,-122.1628209,1.786800965
1645655257442,37.43120291,-122.1627676,10.76669665
1645655258442,37.4312231,-122.1627466,0.389263324
1645655259442,37.43122599,-122.1627331,0.209086398
1645655260442,37.43127038,-122.1626891,3.443679446
1645655261442,37.43124082,-122.1626363,5.770208961
1645655262442,37.43128964,-122.1626164,6.989756377
1645655263442,37.4313521,-122.1626168,7.65000383
1645655264442,37.43129851,-122.1625351,-0.307628534
1645655265442,37.43133487,-122.1625495,13.47049506
1645655266442,37.4313578,-122.1625062,-0.779063759
1645655267442,37.43141933,-122.1624864,10.25588769
1645655268442,37.43134356,-122.1624059,2.8658071
1645655269442,37.43150647,-122.1624411,14.05428938
1645655270442,37.43152739,-122.1624042,8.976734674
1645655271442,37.4315524,-122.1623579,7.802414235
1645655272442,37.43143531,-122.1622847,4.05299479
1645655273442,37.43155777,-122.1623134,11.84055198
1645655274442,37.43149288,-122.1622722,6.594622464
1645655275442,37.43165504,-122.1622717,10.22003003
1645655276442,37.43165116,-122.1622419,12.7355111
1645655277442,37.43170418,-122.1622252,19.62894528
1645655278442,37.43175674,-122.1622348,20.12743047
1645655279442,37.43165377,-122.1621842,1.198041736
1645655280442,37.43167735,-122.1621204,8.396741251
1645655281442,37.43181807,-122.1621196,11.77378766
1645655282442,37.4318173,-122.1620685,10.1455367
1645655283442,37.43172572,-122.1620302,9.731265209
1645655284442,37.4317663,-122.162034,11.66801225
1645655285442,37.43177277,-122.1620003,4.802791365
1645655286442,37.43176325,-122.1619335,3.318453886
1645655287442,37.43184351,-122.1619356,7.395193139
1645655288442,37.43179895,-122.1618697,3.022507093
1645655289442,37.43192714,-122.1618747,8.470179557
1645655290442,37.43201881,-122.1618718,13.42076166
1645655291442,37.43197021,-122.1618368,16.85977357
1645655292442,37.43206008,-122.161829,5.635574269
1645655293442,37.43198311,-122.1617598,18.88710814
1645655294442,37.43196276,-122.1617759,7.284603572
1645655295442,37.43201579,-122.161767,11.22611138
1645655296442,37.43209396,-122.161763,15.02892073
1645655297442,37.4321364,-122.1617202,11.71595492
1645655298442,37.4321547,-122.1617801,17.06693205
1645655299442,37.43213833,-122.1616952,3.661342221
1645655300442,37.4321493,-122.1616968,7.770772095
1645655301442,37.43217231,-122.1617065,13.54880465
1645655302442,37.43222409,-122.1617224,4.937561855
1645655303442,37.4322299,-122.1617299,6.967671203
1645655304442,37.43225042,-122.161747,11.58506447
1645655305442,37.43225927,-122.1617357,6.096742426
1645655306442,37.43231425,-122.1617148,15.61613979
1645655307442,37.43230286,-122.1617483,18.46787274
1645655308442,37.4323679,-122.1618176,20.60469069
1645655309442,37.43240574,-122.1618088,8.573373749
1645655310442,37.43247457,-122.16189,13.10053397
1645655311442,37.43244469,-122.1618794,13.76300885
1645655312442,37.43244495,-122.1619056,12.87542571
1645655313442,37.43250188,-122.1620009,16.26622733
1645655314442,37.43252315,-122.1620052,5.395455964
1645655315442,37.43252792,-122.16206,9.961872778
1645655316442,37.43255774,-122.1620775,10.39250987
1645655317442,37.43255323,-122.1620945,14.66477976
1645655318442,37.43257022,-122.1621731,9.045334588
1645655319442,37.4325538,-122.162197,12.08052208
1645655320442,37.43256886,-122.1622303,19.57551516
1645655321442,37.432568,-122.1623174,15.88091645
1645655322442,37.43261492,-122.1623649,21.21096176
1645655323442,37.43257348,-122.1623572,20.52996027
1645655324442,37.43257373,-122.162428,19.00953388
1645655325442,37.43255489,-122.1624416,18.88769222
1645655326442,37.43250944,-122.1624458,17.81962485
1645655327442,37.4325288,-122.1624806,6.810768578
1645655328442,37.43244863,-122.1624907,6.441933779
1645655329442,37.43241655,-122.1625564,18.2767215
1645655330442,37.43243874,-122.1625679,-5.968268074
1645655331442,37.43237271,-122.1626247,10.42549532
1645655332442,37.43234307,-122.1626236,19.7804481
1645655333442,37.43231422,-122.1626812,8.962319906
1645655334442,37.43224143,-122.1627502,24.92742528
1645655335442,37.43228866,-122.162706,0.093143209
1645655336442,37.43227606,-122.1627338,-1.083942845
1645655337442,37.43226858,-122.1627702,5.790293432
1645655338442,37.43222134,-122.1628231,6.449205248
1645655339442,37.43220732,-122.1628515,10.58701424
1645655340442,37.43219959,-122.1628591,1.29186451
1645655341442,37.43216981,-122.1628822,3.365073967
1645655342442,37.43214466,-122.1629175,-3.750021211
1645655343442,37.4321532,-122.1629166,8.68481375
1645655344442,37.43209771,-122.1629697,6.306560973
1645655345442,37.43204091,-122.1629903,-1.904277591
1645655346442,37.43204148,-122.1630005,7.634472841
1645655347442,37.43205775,-122.1630346,2.159278307
1645655348442,37.43202921,-122.1630687,1.945821125
1645655349442,37.43197546,-122.1631175,-0.677669085
1645655350442,37.431967,-122.163135,-1.134947856
1645655351442,37.43195802,-122.1631501,7.845312064
1645655352442,37.43192682,-122.1631968,8.444867503
1645655353442,37.43192411,-122.1632377,4.205199727
1645655354442,37.43190008,-122.1632413,1.058146758
1645655355442,37.43187919,-122.163232,6.877330386
1645655356442,37.43183468,-122.1632877,1.265131958
1645655357442,37.43178467,-122.1632951,-1.013605399
1645655358442,37.43178843,-122.1633155,4.651337354
1645655359442,37.43172104,-122.1633338,16.27103138
1645655360442,37.43169598,-122.1634029,2.554116047
1645655361442,37.43172187,-122.1634009,-5.888866724
1645655362442,37.43166837,-122.1633619,4.025925442
1645655363442,37.43162636,-122.1634145,1.649879828
1645655364442,37.4316088,-122.163385,0.363098758
1645655365442,37.43154407,-122.1633538,1.2618019
1645655366442,37.43153596,-122.1633881,11.00876259
1645655367442,37.43149641,-122.1633783,-1.093165215
1645655368442,37.43143888,-122.163351,9.049569302
1645655369442,37.43141228,-122.1633225,6.468316669
1645655370442,37.43142251,-122.1633487,1.280397476
1645655371442,37.43140071,-122.1633244,1.274342188
1645655372442,37.43136726,-122.1632817,7.504106829
1645655373442,37.43132649,-122.1632382,-1.392900082
1645655374442,37.43132642,-122.1632136,5.672040365
1645655375442,37.43129743,-122.1632106,8.9956446
1645655376442,37.43125552,-122.1631636,6.155872163
1645655377442,37.43124101,-122.1631209,3.387844624
1645655378442,37.43123859,-122.1630786,4.8966743
1645655379442,37.43122877,-122.1630383,11.53959556
1645655380442,37.43118131,-122.1629887,4.651458225
1645655381442,37.43119262,-122.1629248,3.155442451
1645655382442,37.43121637,-122.1629163,1.851015586
1645655383442,37.43121158,-122.1628386,4.165224959
1645655384442,37.43123699,-122.1628094,6.784030153
1645655385442,37.43120832,-122.1627963,0.018053792
1645655386442,37.43121363,-122.1627368,2.795347693
1645655387442,37.43123991,-122.1627098,3.397279765
1645655388442,37.43124757,-122.1626569,8.808671432
1645655389442,37.43124333,-122.16262,1.550482527
1645655390442,37.43128893,-122.1626199,5.905604765
1645655391442,37.43133351,-122.1625946,1.346335781
1645655392442,37.43132296,-122.1625513,6.768336535
1645655393442,37.43131942,-122.1625073,2.979894251
1645655394442,37.43144395,-122.1624625,7.029230583
1645655395442,37.43140981,-122.1624755,1.959540236
1645655396442,37.43147263,-122.162425,9.978944143
1645655397442,37.43153058,-122.1623769,7.489821947
1645655398442,37.43154963,-122.1623653,13.58644838
1645655399442,37.43159364,-122.1623353,8.674980775
1645655400442,37.43158289,-122.1622433,5.529486768
1645655401442,37.43164439,-122.1622036,15.74209351
1645655402442,37.43163243,-122.1621677,10.21757267
1645655403442,37.43167043,-122.162149,2.482624658
1645655404442,37.43175449,-122.1621189,7.860237593
1645655405442,37.43172655,-122.1620104,5.023702598
1645655406442,37.43177177,-122.1620025,6.57252086
1645655407442,37.43180551,-122.1619757,4.152450505
1645655408442,37.43187726,-122.1619126,14.1828573
1645655409442,37.43191339,-122.1619201,4.042025026
1645655410442,37.43193092,-122.1618601,5.747877621
1645655411442,37.43196957,-122.1618317,-0.617583662
1645655412442,37.43197605,-122.1617949,5.171378165
1645655413442,37.43198343,-122.1617701,9.708768568
1645655414442,37.43207396,-122.1617513,9.93541979
1645655415442,37.43208586,-122.161732,4.07110443
1645655416442,37.43210826,-122.1617032,17.55499788
1645655417442,37.43212288,-122.1616959,10.75967516
1645655418442,37.43217915,-122.1617011,8.894121919
1645655419442,37.43221865,-122.1617373,9.30629995
1645655420442,37.43223575,-122.1617211,5.911392099
1645655421442,37.43228047,-122.1617066,12.61854059
1645655422442,37.43232984,-122.1617871,16.99595543
1645655423442,37.43238059,-122.1618476,4.189992806
1645655424442,37.43240761,-122.1618747,10.10796229
1645655425442,37.43244415,-122.1619292,6.877077511
1645655426442,37.43245895,-122.1619691,14.88511335
1645655427442,37.43249397,-122.1619891,-0.182181115
1645655428442,37.43250181,-122.1620498,6.452882747
1645655429442,37.43252913,-122.1620979,1.685803922
1645655430442,37.43253435,-122.1621392,13.2322229
1645655431442,37.43251545,-122.1622464,1.404652391
1645655432442,37.43250933,-122.1622626,-6.500107578
1645655433442,37.43250532,-122.1623192,-3.413637794
1645655434442,37.43249746,-122.162374,-2.059110438
1645655435442,37.43247549,-122.1624292,5.763627418
1645655436442,37.4324548,-122.162488,-0.267650004
1645655437442,37.43240154,-122.1625356,0.158809468
1645655438442,37.43242364,-122.1625875,18.9249048
1645655439442,37.4323538,-122.16261,14.70912828
1645655440442,37.43237457,-122.1626386,7.872101591
1645655441442,37.43229443,-122.1627113,22.21767297
1645655442442,37.43231461,-122.1627179,14.21522961
1645655443442,37.43227219,-122.1627302,2.39380715
1645655444442,37.43223821,-122.1627698,9.679083635
1645655445442,37.43223224,-122.1627929,15.32832344
1645655446442,37.43220741,-122.1628291,12.66237838
1645655447442,37.4322096,-122.1628911,3.582242942
1645655448442,37.43217288,-122.1629045,5.591691108
1645655449442,37.43214915,-122.1629372,4.976425407
1645655450442,37.43207587,-122.1629601,2.843446149
1645655451442,37.43209444,-122.1629906,20.531052
1645655452442,37.43205464,-122.1630462,-1.260170466
1645655453442,37.43198988,-122.1630772,3.429736407
1645655454442,37.43200936,-122.1631067,9.788945334
1645655455442,37.43198306,-122.1631348,7.309263692
1645655456442,37.43197197,-122.163149,12.88786386
1645655457442,37.43195279,-122.16319,-4.906739797
1645655458442,37.4319181,-122.1632142,5.55647567
1645655459442,37.43186526,-122.16324,10.98021261
1645655460442,37.4318522,-122.1632595,10.21238078
1645655461442,37.4318272,-122.1632735,4.60067223
1645655462442,37.43180146,-122.1633019,9.51309375
1645655463442,37.43170741,-122.1633251,8.998372156
1645655464442,37.43169196,-122.1633781,4.726873983
1645655465442,37.43170705,-122.1633788,3.915053148
1645655466442,37.43166577,-122.1633714,1.419853246
1645655467442,37.43163212,-122.1633765,8.404167354
1645655468442,37.43157713,-122.1633948,10.5029548
1645655469442,37.43156157,-122.163373,5.217040652
1645655470442,37.43150435,-122.163377,9.608846511
1645655471442,37.43146319,-122.1633684,6.3398802
1645655472442,37.43144749,-122.1633273,7.781911124
1645655473442,37.43139133,-122.1633161,11.89184119
1645655474442,37.43136322,-122.1633243,7.735242033
1645655475442,37.43137052,-122.1632468,1.900430035
1645655476442,37.43131721,-122.1632515,5.401694789
1645655477442,37.43131888,-122.1632099,8.241616332
1645655478442,37.43129853,-122.1632182,2.488028551
1645655479442,37.43124777,-122.1631077,6.528925294
1645655480442,37.43126827,-122.1631258,9.6664404
1645655481442,37.43126467,-122.1631489,5.175598348
1645655482442,37.43124608,-122.1630747,8.63385584
1645655483442,37.43122776,-122.1630369,9.453304397
1645655484442,37.43118307,-122.1629534,3.31043919
1645655485442,37.43121579,-122.1628881,12.53268257
1645655486442,37.43121657,-122.162906,6.260234748
1645655487442,37.43120858,-122.1627935,7.059738802
1645655488442,37.43121886,-122.1628145,3.97332342
1645655489442,37.43124977,-122.1627816,2.983555286
1645655490442,37.43123511,-122.1627096,7.099393841
1645655491442,37.43125248,-122.1627236,3.008744646
1645655492442,37.43124376,-122.1626527,3.960127518
1645655493442,37.43127493,-122.1626496,5.499426233
1645655494442,37.43135393,-122.1626047,15.76110014
1645655495442,37.43137212,-122.1626075,9.985731797
1645655496442,37.43141705,-122.1625719,8.849660816
1645655497442,37.43137448,-122.1625465,6.606865518
1645655498442,37.43139358,-122.1625135,8.593376245
1645655499442,37.43140332,-122.1625007,11.3602229
1645655500442,37.43139852,-122.1625387,11.20293207
1645655501442,37.43128764,-122.162432,-1.33071425
1645655502442,37.43132876,-122.162503,1.944588775
1645655503442,37.43132816,-122.1624962,2.892532632
1645655504442,37.43135138,-122.1625375,21.41873278
1645655505442,37.43132992,-122.1625086,3.473218269
1645655506442,37.43126744,-122.1625802,23.98343635
1645655507442,37.43127325,-122.1624959,1.420743871
1645655508442,37.43120111,-122.1626165,24.56186583
1645655509442,37.43121097,-122.1625649,8.595213073
1645655510442,37.4312392,-122.1625505,8.758463308
1645655511442,37.43120807,-122.1625281,8.760863102
1645655512442,37.43123619,-122.1625681,17.82396761
1645655513442,37.43123253,-122.1625401,0.924511012
1645655514442,37.43125239,-122.1625527,2.362929465
1645655515442,37.43128018,-122.1625453,4.313511743
1645655516442,37.43118203,-122.16267,13.90803267
1645655517442,37.43117869,-122.1626091,21.22952625
1645655518442,37.43124939,-122.1625446,6.010969689
1645655519442,37.4311946,-122.1626884,17.64389206
