UNIX Epoch timestamp-utc,lat,lon
1645656034433.0,37.43086551,-122.1645614
1645656035432.0,37.43086088992612,-122.16455588013416
1645656036433.0,37.43084124086127,-122.1645115302596
1645656037432.0,37.43083121578013,-122.16453752441285
1645656038433.0,37.43082817497632,-122.164556053703
1645656039432.0,37.43083529642013,-122.16450696967478
1645656040432.0,37.43082494173228,-122.16442223546387
1645656041433.0,37.43083522041638,-122.16442321084722
1645656042432.0,37.43083342176076,-122.16440133097827
1645656043433.0,37.43084542716883,-122.16442526568297
1645656044432.0,37.43084360848811,-122.1644023305918
1645656045433.0,37.4308077766964,-122.16440122690342
1645656046432.0,37.43077561844164,-122.16438838232699
1645656047432.0,37.4307599607748,-122.16439507256003
1645656048432.0,37.43075807308638,-122.16439014793733
1645656049432.0,37.43074514249381,-122.16437931236771
1645656050433.0,37.43074319552081,-122.16439863183734
1645656051432.0,37.43078193295408,-122.16445587198676
1645656052434.0,37.43078191156462,-122.16449537095575
1645656053433.0,37.43077263868694,-122.16451342377444
1645656054434.0,37.43079925380756,-122.16454655324046
1645656055433.0,37.43078852950705,-122.16452798998479
1645656056432.0,37.43076452171216,-122.16451121483193
1645656057433.0,37.43076288726338,-122.16451066292313
1645656058432.0,37.43073588933445,-122.16451406730101
1645656059434.0,37.43073913812444,-122.16451273178409
1645656060433.0,37.43073793212594,-122.16452002202276
1645656061432.0,37.43075956725013,-122.16451941843283
1645656062433.0,37.43079352220008,-122.16454109884852
1645656063432.0,37.43084590069423,-122.16454936881516
1645656064433.0,37.430876851946664,-122.16456052378744
1645656065433.0,37.430917884913136,-122.16455431245475
1645656066434.0,37.43095652391488,-122.16454095751037
1645656067433.0,37.43099129128235,-122.16452973466244
1645656068432.0,37.431057470512854,-122.16449214222389
1645656069433.0,37.43108801489516,-122.16447387418937
1645656070433.0,37.43113081544793,-122.16447333333171
1645656071432.0,37.43113659835206,-122.16448319951944
1645656072432.0,37.43116530786904,-122.16447804448585
1645656073432.0,37.43118226912516,-122.16443749594279
1645656074433.0,37.431225498913655,-122.16445743886095
1645656075432.0,37.43124587209136,-122.16445513746397
1645656076433.0,37.431273983804786,-122.16442933544752
1645656077432.0,37.431289246157945,-122.1644336292816
1645656078434.0,37.431326101111615,-122.16443575600563
1645656079433.0,37.431351129913025,-122.16444775050135
1645656080432.0,37.43138325796211,-122.1644535548655
1645656081433.0,37.43140299072938,-122.1644736836951
1645656082432.0,37.431435780581,-122.16448947846133
1645656083433.0,37.43146749205223,-122.16450277266097
1645656084432.0,37.431488335149396,-122.16451241324404
1645656085434.0,37.43149708029364,-122.16452648518468
1645656086433.0,37.43150882807424,-122.164529487958
1645656087432.0,37.43153754468389,-122.16453740984454
1645656088433.0,37.43156344497229,-122.16454232321642
1645656089432.0,37.43159614314343,-122.16453367987629
1645656090434.0,37.431632330474585,-122.16452659977111
1645656091432.0,37.43165326836803,-122.16452819927053
1645656092432.0,37.43167993519329,-122.16451553063645
1645656093432.0,37.43170626038312,-122.16450399720974
1645656094432.0,37.4317255696773,-122.16448325744635
1645656095433.0,37.43174184218982,-122.16446231340161
1645656096432.0,37.43176456988525,-122.16444486726807
1645656097434.0,37.43178422879483,-122.16442397056886
1645656098433.0,37.4318049749329,-122.16440656715099
1645656099433.0,37.43182387256513,-122.16438656364677
1645656100432.0,37.431847668580346,-122.16437068973578
1645656101432.0,37.431872463513315,-122.1643619881348
1645656102433.0,37.43190267279295,-122.16436156517062
1645656103432.0,37.431935167435675,-122.16435722618263
1645656104433.0,37.43195132663712,-122.16435310463588
1645656105432.0,37.431977473242455,-122.16434928324166
1645656106433.0,37.43200061091694,-122.16434191363038
1645656107432.0,37.43202710297021,-122.16432545771792
1645656108432.0,37.432048002866104,-122.16430657781078
1645656109433.0,37.432078507532125,-122.16428991890702
1645656110434.0,37.4321046655053,-122.16429305544273
1645656111433.0,37.43213484591441,-122.16428876913946
1645656112432.0,37.43216659755264,-122.16428383749175
1645656113434.0,37.4322000907973,-122.16428115974813
1645656114432.0,37.4322242776612,-122.16426635355413
1645656115434.0,37.43223806617664,-122.16425336143001
1645656116433.0,37.43227162132665,-122.1642328216555
1645656117432.0,37.43230579468905,-122.16423888964982
1645656118433.0,37.43233004490395,-122.16422234003322
1645656119432.0,37.43235249991968,-122.16421140419287
1645656120434.0,37.43238452317357,-122.16419768381898
1645656121433.0,37.432422060156114,-122.16419465198175
1645656122433.0,37.432452463846154,-122.16418551052585
1645656123432.0,37.43248669457317,-122.16418242506995
1645656124434.0,37.43250227135825,-122.16416130077911
1645656125433.0,37.43253014948395,-122.16416169250245
1645656126432.0,37.432553205062334,-122.16415256391728
1645656127433.0,37.432578573273794,-122.16413954951736
1645656128432.0,37.43258795187359,-122.16410566737756
1645656129433.0,37.432616634894735,-122.16409337791616
1645656130433.0,37.43263946612621,-122.16406982132732
1645656131432.0,37.43267103656164,-122.16407100556916
1645656132433.0,37.43270626006365,-122.1640745018087
1645656133432.0,37.432734533646745,-122.16407226909723
1645656134433.0,37.4327629944565,-122.16406808136405
1645656135432.0,37.432801964937305,-122.16406108372354
1645656136433.0,37.43283130275948,-122.1640561402619
1645656137432.0,37.432866674780726,-122.16406443499534
1645656138434.0,37.432890070950165,-122.16406433379629
1645656139433.0,37.43291520706607,-122.1640442159432
1645656140434.0,37.43294272545765,-122.16404216031512
1645656141433.0,37.43296181221866,-122.16402764094838
1645656142432.0,37.43298174750701,-122.16402558866255
1645656143433.0,37.433010219431004,-122.1640200499275
1645656144432.0,37.433041650741984,-122.16401268883597
1645656145433.0,37.43306704868869,-122.16399121275244
1645656146432.0,37.43310297366392,-122.16398794226181
1645656147434.0,37.43312407354061,-122.16399657927326
1645656148432.0,37.43314352515982,-122.16399309802094
1645656149434.0,37.433172890345915,-122.16398981571787
1645656150432.0,37.43319709808786,-122.16396573604595
1645656151434.0,37.43323381332692,-122.16396171012192
1645656152433.0,37.433267439055356,-122.1639646622313
1645656153432.0,37.43329581076193,-122.16395585695061
1645656154434.0,37.433315787242506,-122.16394930311348
1645656155433.0,37.43333814410451,-122.16394746269314
1645656156434.0,37.43337298675135,-122.16394056693525
1645656157433.0,37.43339625400338,-122.16394509129172
1645656158432.0,37.43341274508183,-122.1639485082922
1645656159433.0,37.43345361498759,-122.1639361963352
1645656160432.0,37.433480091265636,-122.16392756375593
1645656161433.0,37.43351714785729,-122.16391259431347
1645656162432.0,37.43354990920721,-122.16391156928724
1645656163434.0,37.43358219661444,-122.1639127330741
1645656164432.0,37.43362185772668,-122.16391440994408
1645656165434.0,37.43363661419205,-122.16389496250248
1645656166432.0,37.43367502772855,-122.16389922804974
1645656167434.0,37.43371412818059,-122.1638825542238
1645656168433.0,37.43373685848486,-122.16387640944932
1645656169432.0,37.43375014230041,-122.16387305782224
1645656170433.0,37.433768946680544,-122.16387317458592
1645656171432.0,37.43379358499078,-122.16385968383311
1645656172433.0,37.433816587479086,-122.16383314227977
1645656173432.0,37.43385780920633,-122.16384259019115
1645656174434.0,37.43387803303226,-122.1638523036694
1645656175432.0,37.43390745354038,-122.16385628982833
1645656176432.0,37.43392748865217,-122.16384273168029
1645656177432.0,37.433962126338464,-122.16383704339098
1645656178432.0,37.43399049049611,-122.16382533587716
1645656179432.0,37.43400822273631,-122.16380158818103
1645656180434.0,37.43401939813521,-122.16379305144027
1645656181434.0,37.434055898493106,-122.16378916829281
1645656182432.0,37.43407895274814,-122.16378238503486
1645656183434.0,37.43409647039629,-122.16378180811314
1645656184432.0,37.43413085063954,-122.16379945119883
1645656185434.0,37.434159854908565,-122.16382268121536
1645656186433.0,37.43420248031504,-122.16383745629294
1645656187433.0,37.43423879629482,-122.16385865645832
1645656188433.0,37.4342595451738,-122.16387538182366
1645656189434.0,37.43428681787196,-122.16389124064007
1645656190433.0,37.43432149797699,-122.16388525738262
1645656191432.0,37.43434686256822,-122.16388389465642
1645656192434.0,37.434368158720886,-122.16388118526042
1645656193432.0,37.434401140597814,-122.16388330105256
1645656194433.0,37.43443549406574,-122.16388950010108
1645656195432.0,37.4344670767775,-122.1638775325103
1645656196433.0,37.43449188432881,-122.16386223494695
1645656197432.0,37.4345168079772,-122.16385461530415
1645656198432.0,37.43454014238802,-122.16384477172168
1645656199433.0,37.434563027175656,-122.1638408902002
1645656200434.0,37.43459204654026,-122.16383736757564
1645656201433.0,37.43462113802421,-122.16381821820178
1645656202432.0,37.43464989951996,-122.16382410786454
1645656203433.0,37.43466678051571,-122.16382122396503
1645656204432.0,37.434692971430906,-122.16383095852895
1645656205433.0,37.43471869560997,-122.1638354002609
1645656206432.0,37.43475708001601,-122.16384678462093
1645656207433.0,37.434791165198995,-122.1638630991498
1645656208433.0,37.43483603317691,-122.1638723923034
1645656209434.0,37.4348792560425,-122.1638802214156
1645656210433.0,37.434896005709184,-122.16388577661186
1645656211434.0,37.434933580944495,-122.16388139629868
1645656212433.0,37.43496980779315,-122.16387100894615
1645656213432.0,37.43499221126552,-122.16387443079661
1645656214432.0,37.43502322003883,-122.1638732838936
1645656215432.0,37.435038895823745,-122.16388621815454
1645656216433.0,37.43505780164723,-122.16389111560088
1645656217432.0,37.435074071683246,-122.16390714905168
1645656218433.0,37.43510885022211,-122.16390272661184
1645656219432.0,37.43513420532043,-122.16389269440229
1645656220434.0,37.435158197855884,-122.1638841937569
1645656221433.0,37.43518674361,-122.16386783044611
1645656222434.0,37.435213291941835,-122.16384831706814
1645656223433.0,37.43523635490914,-122.16384823525517
1645656224432.0,37.435273593430196,-122.16384659747004
1645656225433.0,37.43529865998818,-122.1638571823577
1645656226432.0,37.435324677,-122.1638460222403
1645656227433.0,37.435346712955464,-122.16384549557246
1645656228432.0,37.43536902069475,-122.16383906616544
1645656229433.0,37.43539298776824,-122.16382187522157
1645656230432.0,37.43542307093917,-122.16380713192787
1645656231434.0,37.43545456568023,-122.16379392559134
1645656232432.0,37.435475379955776,-122.16378227933848
1645656233433.0,37.43552139198617,-122.16379770937586
1645656234433.0,37.43554249813188,-122.16378973965502
1645656235434.0,37.43554934283429,-122.16377672280761
1645656236433.0,37.435566447594674,-122.16376327597719
1645656237434.0,37.43561210502673,-122.16376693768865
1645656238433.0,37.43563768566923,-122.16376038314925
1645656239432.0,37.43564690210853,-122.16375082816847
1645656240433.0,37.43569175550241,-122.1637571469563
1645656241432.0,37.435715363549726,-122.16374009087984
1645656242434.0,37.435737458742395,-122.16374435352608
1645656243432.0,37.4357737339944,-122.16374906887364
1645656244433.0,37.435816141797716,-122.16375182960796
1645656245432.0,37.43583992647935,-122.16372897309716
1645656246434.0,37.43588596258174,-122.16372974499042
1645656247432.0,37.435903570480384,-122.16373813637686
1645656248434.0,37.435937588829624,-122.1637392353012
1645656249432.0,37.43598054139704,-122.16375581173199
1645656250432.0,37.43599559639711,-122.16378145877728
1645656251432.0,37.43602520142809,-122.1637852320755
1645656252434.0,37.43604670064325,-122.16379832397848
1645656253432.0,37.43606166888983,-122.16382334444533
1645656254432.0,37.43607750067044,-122.16384905159576
1645656255433.0,37.436092939044336,-122.16387811147126
1645656256432.0,37.436103608888,-122.16391365562855
1645656257433.0,37.43611362966995,-122.16393503737025
1645656258432.0,37.436147318594905,-122.1639527812728
1645656259434.0,37.436162039139504,-122.16398122817324
1645656260432.0,37.43618791193671,-122.16401127740869
1645656261434.0,37.43619906569059,-122.16403405199169
1645656262432.0,37.43621648605028,-122.16405799764192
1645656263432.0,37.43620897272017,-122.16408229811358
1645656264432.0,37.43623186295469,-122.16411209683069
1645656265432.0,37.43623548562917,-122.16412972835555
1645656266433.0,37.436245855749895,-122.16414890835647
1645656267434.0,37.4362473537105,-122.1641614923675
1645656268432.0,37.43626560361786,-122.16417686284856
1645656269432.0,37.43627223804874,-122.16419636694596
1645656270433.0,37.43631174745868,-122.16421308228188
1645656271432.0,37.43633897689997,-122.16421882973498
1645656272433.0,37.436372929608154,-122.16422231465242
1645656273432.0,37.43642177491115,-122.16421795144956
1645656274434.0,37.43643547900484,-122.16422048739506
1645656275432.0,37.43646997177541,-122.1642151377222
1645656276434.0,37.43648752261728,-122.16422397607917
1645656277432.0,37.43650109565077,-122.16423215114875
1645656278433.0,37.4365137356913,-122.16425454016904
1645656279432.0,37.436542802806756,-122.16428186501655
1645656280434.0,37.43655677206483,-122.16429730887613
1645656281432.0,37.436562807980266,-122.16431103979511
1645656282434.0,37.43659269311028,-122.16432034122822
1645656283433.0,37.436600265582555,-122.16434382011703
1645656284434.0,37.436605702871255,-122.16437324856483
1645656285433.0,37.436618405614404,-122.16439854522238
1645656286432.0,37.436633316292536,-122.16441252673684
1645656287433.0,37.43666620815788,-122.16442540542855
1645656288432.0,37.436678907460355,-122.16443759680757
1645656289433.0,37.43668563387417,-122.16444699549355
1645656290432.0,37.43670272054849,-122.16446891359043
1645656291433.0,37.43670444768607,-122.16449327358208
1645656292432.0,37.43671353520333,-122.1645178669428
1645656293433.0,37.436725812374924,-122.1645380950549
1645656294432.0,37.43674419282576,-122.1645542209054
1645656295433.0,37.43677908119408,-122.16456943629582
1645656296433.0,37.436781440693814,-122.16458567710528
1645656297434.0,37.436851978211884,-122.16459389323734
1645656298433.0,37.43689046218816,-122.16461148324191
1645656299434.0,37.43690902690238,-122.1646302350485
1645656300433.0,37.43692415655066,-122.1646500360808
1645656301432.0,37.43691699841324,-122.16467070020722
1645656302433.0,37.43696580743879,-122.16468966208521
1645656303432.0,37.43698346619443,-122.16470750382445
1645656304433.0,37.436979066597786,-122.16472710200114
1645656305432.0,37.43696472453554,-122.16473003268774
1645656306433.0,37.43701253117221,-122.16473516677725
1645656307432.0,37.437005578277144,-122.16474458629601
1645656308433.0,37.43700975364571,-122.1647667874321
1645656309432.0,37.437041107139294,-122.16479026126527
1645656310434.0,37.43707346437851,-122.16481004253471
1645656311432.0,37.43708508229553,-122.164830231101
1645656312434.0,37.4371031423908,-122.16484824375756
1645656313432.0,37.43713057115665,-122.16486479358713
1645656314432.0,37.43715461716475,-122.16488577355261
1645656315433.0,37.43720585463865,-122.16488751589256
1645656316434.0,37.43720761253945,-122.16490507932365
1645656317432.0,37.43724726850649,-122.1649176443802
1645656318434.0,37.437273393053694,-122.16494193293452
1645656319433.0,37.43726108133394,-122.16496827483498
1645656320434.0,37.43730187927328,-122.16498208488423
1645656321433.0,37.43729410638887,-122.16500589896705
1645656322434.0,37.437278820564124,-122.16502770043813
1645656323433.0,37.4373064386052,-122.16504958943817
1645656324434.0,37.43732586551353,-122.1650813589539
1645656325433.0,37.43732606683434,-122.16510313479607
1645656326432.0,37.43731202217041,-122.16512832565972
1645656327433.0,37.437302700201506,-122.16516882529761
1645656328432.0,37.437280722815586,-122.16518726289527
1645656329433.0,37.43726157309112,-122.16519836932592
1645656330433.0,37.43722808034687,-122.1652173450105
1645656331433.0,37.43719679532518,-122.16523398904678
1645656332432.0,37.4371493310744,-122.16526981173917
1645656333434.0,37.43712415171804,-122.16529275022975
1645656334433.0,37.43708982881944,-122.16530878204637
1645656335433.0,37.43706806725993,-122.16531646189156
1645656336432.0,37.43705071531832,-122.16531896403463
1645656337434.0,37.43698905271399,-122.16531634626743
1645656338432.0,37.43698614653427,-122.16530461332867
1645656339432.0,37.43695976054194,-122.16530312964214
1645656340432.0,37.43691645276945,-122.1652934110813
1645656341434.0,37.43689687702436,-122.1652754592397
1645656342433.0,37.43688505858539,-122.16525935832702
1645656343434.0,37.43686236274539,-122.16525125707433
1645656344433.0,37.436844805020705,-122.16525771523682
1645656345432.0,37.43683364398352,-122.16524683894247
1645656346433.0,37.43681162826253,-122.16524154057143
1645656347432.0,37.43677025988838,-122.16524791592794
1645656348433.0,37.43672891083804,-122.16526234022147
1645656349432.0,37.436700066459096,-122.16526088882914
1645656350434.0,37.43664835672196,-122.16528911629374
1645656351432.0,37.43659826060639,-122.16532499128802
1645656352433.0,37.43657504252711,-122.16533383899046
1645656353433.0,37.43655547940082,-122.16534460486898
1645656354434.0,37.4365229588563,-122.16533869404624
1645656355433.0,37.43650512973815,-122.1653284771543
1645656356434.0,37.436471491243346,-122.16531101946819
1645656357433.0,37.436435339800624,-122.1652968572219
1645656358434.0,37.43642046543484,-122.16528102367259
1645656359433.0,37.43639861368513,-122.16527290342424
1645656360432.0,37.43637926752887,-122.16526907445821
1645656361432.0,37.43634489668281,-122.16528171893042
1645656362434.0,37.43628245345716,-122.16530883877847
1645656363433.0,37.43624247389996,-122.16530339228255
1645656364432.0,37.43622015845881,-122.16529925755894
1645656365433.0,37.43619896190957,-122.16529491699826
1645656366432.0,37.4361769406207,-122.16528758802632
1645656367433.0,37.436145421796304,-122.16529465701235
1645656368432.0,37.436127076504114,-122.16529144733545
1645656369433.0,37.43609549887276,-122.16529802979565
1645656370432.0,37.43606130910191,-122.16529413964126
1645656371433.0,37.43603568618497,-122.16529508468696
1645656372432.0,37.436000556336154,-122.16530629755498
1645656373434.0,37.435970453252864,-122.16531084313283
1645656374433.0,37.4359511339742,-122.16530412413371
1645656375433.0,37.435918971005506,-122.16530484027291
1645656376433.0,37.43589029561298,-122.16531071175788
1645656377433.0,37.43586938304692,-122.16530250193475
1645656378432.0,37.43584162590219,-122.16529242480725
1645656379433.0,37.43581287829493,-122.16528825898475
1645656380433.0,37.43577767555646,-122.1653032361724
1645656381432.0,37.43575442606245,-122.16531017147688
1645656382432.0,37.43573124682456,-122.16531706213861
1645656383434.0,37.43568602896536,-122.16532321507083
1645656384433.0,37.43564179681011,-122.16531965807681
1645656385434.0,37.43560727873091,-122.16532660146402
1645656386433.0,37.43556957973805,-122.16533617156028
1645656387432.0,37.43554737987334,-122.16534144675263
1645656388433.0,37.43552285150494,-122.1653434434467
1645656389432.0,37.43550544099509,-122.16534281623802
1645656390433.0,37.43548287499149,-122.16533426842422
1645656391432.0,37.43546327762548,-122.16532758081355
1645656392433.0,37.43543891827222,-122.16533180366581
1645656393432.0,37.435419210028535,-122.16532558104161
1645656394434.0,37.435389782946594,-122.16532878761289
1645656395432.0,37.43535201780056,-122.1653411138041
1645656396434.0,37.4353289753491,-122.16535230293685
1645656397432.0,37.435299292524896,-122.16536244936685
1645656398434.0,37.435273461962225,-122.16536654200112
1645656399432.0,37.43524704203626,-122.16537764229672
1645656400432.0,37.43522770290314,-122.16538365342949
1645656401433.0,37.435204883179274,-122.16538663332632
1645656402432.0,37.43518839878614,-122.16539399741073
1645656403432.0,37.435154962710364,-122.16539610058189
1645656404434.0,37.43513011415204,-122.16540564644791
1645656405433.0,37.435088498678965,-122.16541634715449
1645656406434.0,37.4350564470116,-122.16542486481868
1645656407433.0,37.435028032713085,-122.16542766494057
1645656408432.0,37.434993392193405,-122.1654232354135
1645656409433.0,37.43495887422407,-122.16542303993471
1645656410432.0,37.43493054640009,-122.16542298020764
1645656411433.0,37.43490311742968,-122.16542480283647
1645656412432.0,37.43487629345213,-122.16543121164266
1645656413433.0,37.434837049707795,-122.1654466235422
1645656414432.0,37.434810883631684,-122.16544136707245
1645656415433.0,37.434785595261616,-122.16543864377543
1645656416432.0,37.43475955531524,-122.16544354758966
1645656417433.0,37.43473537350645,-122.16544483800367
1645656418433.0,37.434708260828515,-122.16544586711699
1645656419434.0,37.43468089339351,-122.16544423365606
1645656420432.0,37.434663307252265,-122.1654561689182
1645656421434.0,37.43464289331526,-122.16546908611663
1645656422433.0,37.43461542112002,-122.16547323456541
1645656423432.0,37.43457896494043,-122.16546816112417
1645656424433.0,37.43454758197074,-122.1654751340541
1645656425432.0,37.434531888884095,-122.16548090086178
1645656426433.0,37.43451144485605,-122.1654839106897
1645656427432.0,37.43447246417063,-122.16548805595875
1645656428433.0,37.43443309401771,-122.16548789654325
1645656429434.0,37.434396726850025,-122.16546671577484
1645656430433.0,37.434376982465345,-122.1654568493318
1645656431432.0,37.4343545216501,-122.16542671364346
1645656432433.0,37.43434216649763,-122.165403807173
1645656433432.0,37.43435169373193,-122.16537374189586
1645656434434.0,37.43434028150647,-122.16535128691791
1645656435432.0,37.43433758813672,-122.16532932781968
1645656436433.0,37.43434011883188,-122.16531469317445
1645656437433.0,37.43434052565876,-122.1652808204196
1645656438433.0,37.4343293859283,-122.16525802000717
1645656439433.0,37.43430678187612,-122.16523899538657
1645656440432.0,37.43426732987815,-122.16522151279943
1645656441433.0,37.43424890843037,-122.16521150050536
1645656442434.0,37.43421732621202,-122.16521329371442
1645656443433.0,37.43417192429003,-122.1652277446774
1645656444434.0,37.43416028623362,-122.16525669998353
1645656445433.0,37.43412145633691,-122.16528877842615
1645656446434.0,37.43408720573825,-122.16532380971809
1645656447433.0,37.434055521521415,-122.16536722305902
1645656448434.0,37.434022486259586,-122.16540195830459
1645656449433.0,37.43399733946484,-122.16543108739215
1645656450432.0,37.43399201290068,-122.16546021484741
1645656451434.0,37.43397465121916,-122.1655042963571
1645656452432.0,37.43395526620621,-122.16552648662746
1645656453433.0,37.43395635098186,-122.16553857903534
1645656454432.0,37.43395099374949,-122.16556113230907
1645656455433.0,37.43394412826771,-122.16557483952494
1645656456432.0,37.43395349942055,-122.16559665165369
1645656457434.0,37.433949213000005,-122.16560515895299
1645656458433.0,37.43393057118492,-122.16562751444694
1645656459432.0,37.433904374540326,-122.16565962848213
1645656460432.0,37.4338922830891,-122.16568589724176
1645656461432.0,37.43386118796673,-122.16569718408093
1645656462433.0,37.43384415018795,-122.16570881104238
1645656463432.0,37.43382090247571,-122.16572575025383
1645656464433.0,37.43381739802637,-122.16575492400781
1645656465432.0,37.433813001935086,-122.16576481724353
1645656466433.0,37.43381422785894,-122.1657794231675
1645656467432.0,37.43383367902102,-122.16579923304927
1645656468433.0,37.43386407109685,-122.16580376303145
1645656469432.0,37.433890574988844,-122.16580887840315
1645656470433.0,37.4339227474363,-122.16581708979719
1645656471432.0,37.43393799657848,-122.16580208339995
1645656472434.0,37.43397187104794,-122.16580242384657
1645656473432.0,37.43401893771935,-122.16580986193819
1645656474433.0,37.43404570155619,-122.16580478546332
1645656475432.0,37.43408379980121,-122.16580341142313
1645656476433.0,37.4341101844446,-122.16580064291152
1645656477432.0,37.434127759651616,-122.1658048431922
1645656478434.0,37.43417597802433,-122.16582483210517
1645656479432.0,37.43420470226116,-122.1658479316942
1645656480434.0,37.43422751414971,-122.1658772930211
1645656481432.0,37.434238997638445,-122.16591856592181
1645656482434.0,37.43424912111686,-122.16593393903204
1645656483433.0,37.43426936558188,-122.1659534573711
1645656484432.0,37.43428297442305,-122.1659862576729
1645656485433.0,37.434288495707,-122.1660190351267
1645656486432.0,37.43431520429315,-122.16603522844375
1645656487433.0,37.43433381006543,-122.16604872213236
1645656488434.0,37.43433740041841,-122.16606420227689
1645656489433.0,37.434334805944374,-122.1660903837773
1645656490432.0,37.43435329844111,-122.1661103594767
1645656491433.0,37.43436361512796,-122.16613605061823
1645656492432.0,37.43438085993347,-122.16615354148797
1645656493433.0,37.43440264826722,-122.16617045724013
1645656494432.0,37.43440125055103,-122.16620325289675
1645656495434.0,37.43440496255995,-122.16622479995716
1645656496433.0,37.43440881022202,-122.16624060666058
1645656497432.0,37.43442462175654,-122.16625778070978
1645656498432.0,37.4344388880991,-122.16627773912153
1645656499434.0,37.43445544008392,-122.16629116061607
1645656500432.0,37.434463577391426,-122.16631086767211
1645656501432.0,37.434461915369425,-122.16632665676937
1645656502433.0,37.43449433427059,-122.16634642860829
1645656503432.0,37.43450612346466,-122.1663704140886
1645656504432.0,37.434508562815665,-122.16639350286037
1645656505432.0,37.43452962447284,-122.16642350118698
1645656506433.0,37.43455721563338,-122.1664481275253
1645656507432.0,37.434575302232524,-122.16647366726474
1645656508432.0,37.43458538945528,-122.16649590330587
1645656509432.0,37.43456722048343,-122.16652339805474
1645656510433.0,37.43457062653888,-122.16654656133845
1645656511432.0,37.434577644359564,-122.166561517674
1645656512433.0,37.434578941396786,-122.16657524523816
1645656513432.0,37.43459722961234,-122.16659575968927
1645656514433.0,37.43460323025928,-122.16662188105184
1645656515432.0,37.43459090356387,-122.16666419359701
1645656516433.0,37.434584785806486,-122.16668043520585
1645656517432.0,37.434593631458235,-122.1667032319431
1645656518433.0,37.43460617482422,-122.1667175797747
1645656519432.0,37.43461856437121,-122.16674207503632
1645656520433.0,37.43462407478882,-122.16674880422795
1645656521433.0,37.43463436779095,-122.16676283306379
1645656522432.0,37.434648196857445,-122.16678209123296
1645656523432.0,37.43466691592979,-122.1668034195808
1645656524434.0,37.43469044722159,-122.16682045169088
1645656525433.0,37.43471668495203,-122.16681834989119
1645656526434.0,37.434748641939244,-122.1668172052744
1645656527432.0,37.43477088752488,-122.16681212259425
1645656528434.0,37.43481450458039,-122.16678905585037
1645656529433.0,37.43485276291732,-122.16676484230823
1645656530432.0,37.43487377372304,-122.16674573826424
1645656531433.0,37.434911683174874,-122.16672112399878
1645656532434.0,37.43493575286029,-122.166683427961
1645656533432.0,37.434958079264376,-122.16665511535798
1645656534435.0,37.43498280603514,-122.16663022370079
1645656535433.0,37.43501410658149,-122.16663217811417
1645656536432.0,37.43504701813453,-122.16662233333918
1645656537433.0,37.43507109379396,-122.16659515730733
1645656538432.0,37.43511691034408,-122.16660190723982
1645656539433.0,37.43515939624694,-122.16659429155472
1645656540432.0,37.43517875302281,-122.16657779569493
1645656541434.0,37.43521714779352,-122.1665684062126
1645656542432.0,37.435245872043595,-122.16656244957328
1645656543433.0,37.4352816366398,-122.16655947574162
1645656544432.0,37.43532529551413,-122.16657250880145
1645656545434.0,37.43534663196461,-122.16656729512945
1645656546432.0,37.435361902095416,-122.16657838233532
1645656547433.0,37.435388302909566,-122.16657122675899
1645656548432.0,37.43541271623146,-122.16656421574926
1645656549434.0,37.43543958560271,-122.16656312966123
1645656550433.0,37.43546213032684,-122.16656755076647
1645656551434.0,37.43550216085514,-122.16655621880089
1645656552433.0,37.43554278617129,-122.16654950917992
1645656553432.0,37.43557739544825,-122.1665245154618
1645656554433.0,37.435591748556455,-122.16651055866816
1645656555432.0,37.43562141590323,-122.16650264377786
1645656556433.0,37.43564342102815,-122.1665004039152
1645656557432.0,37.43566933003986,-122.16650207541454
1645656558433.0,37.43569808448416,-122.16649215049709
1645656559432.0,37.43572694969862,-122.16648800732595
1645656560433.0,37.43575022124222,-122.1664887791738
1645656561432.0,37.43578029918983,-122.16648427082173
1645656562434.0,37.43580371842413,-122.16646689415013
1645656563432.0,37.43582510712711,-122.16645752422187
1645656564434.0,37.43584741944513,-122.1664566649207
1645656565432.0,37.435876419795264,-122.16645074708245
1645656566433.0,37.43590730373308,-122.16644458501234
1645656567433.0,37.435937841529515,-122.1664497305508
1645656568434.0,37.435971070426646,-122.16644661521089
1645656569432.0,37.43601056344982,-122.16643813068906
1645656570432.0,37.436049847288956,-122.1664183545654
1645656571432.0,37.43608365731188,-122.16640718424412
1645656572433.0,37.43610401985498,-122.16641157726188
1645656573432.0,37.436149675963655,-122.16640934754926
1645656574432.0,37.436169099037905,-122.16641420281609
1645656575432.0,37.43618212056613,-122.16640645286846
1645656576434.0,37.43622923411563,-122.16640901684598
1645656577433.0,37.43623844536555,-122.16639836596504
1645656578432.0,37.43626219149715,-122.16637904178
1645656579433.0,37.436282552268615,-122.16637658942021
1645656580432.0,37.43631995512807,-122.16638839803088
1645656581433.0,37.43633226946788,-122.16638158817196
1645656582434.0,37.43635706555848,-122.1663707917562
1645656583433.0,37.43639452075562,-122.16636643876828
1645656584432.0,37.43642381888881,-122.16636112806944
1645656585433.0,37.43646675539081,-122.16634516725394
1645656586432.0,37.436490234421484,-122.16634517496995
1645656587433.0,37.43651851766772,-122.16632795475074
1645656588432.0,37.43655305076793,-122.16631779784161
1645656589433.0,37.436580122736764,-122.16631088566085
1645656590432.0,37.4365918475127,-122.16630905778038
1645656591433.0,37.436615929115355,-122.16629705754531
1645656592432.0,37.43664395403695,-122.1662763826929
1645656593434.0,37.436668626736875,-122.16627570612062
1645656594432.0,37.43667446258144,-122.1662521791816
1645656595434.0,37.43670609023663,-122.1662633290609
1645656596432.0,37.43673280894381,-122.16626373379826
1645656597434.0,37.436756998024,-122.16626606775289
1645656598433.0,37.43679946641067,-122.16626368056473
1645656599433.0,37.43684379813681,-122.16626277357122
1645656600433.0,37.436876459530836,-122.16625601028989
1645656601432.0,37.43690465726207,-122.16625574537085
1645656602433.0,37.436928258965644,-122.16625696109502
1645656603434.0,37.43695253145898,-122.1662530616552
1645656604432.0,37.43697283517073,-122.16624306304405
1645656605434.0,37.436992226263875,-122.16624228188576
1645656606433.0,37.43701203713848,-122.1662177112747
1645656607432.0,37.43703815561673,-122.16620473429118
1645656608433.0,37.43706610234306,-122.16619340681513
1645656609432.0,37.43710779750983,-122.16618724174123
1645656610433.0,37.43713742087324,-122.16617284621515
1645656611432.0,37.43716589368777,-122.16616658074686
1645656612433.0,37.43720288956223,-122.16616955929818
1645656613432.0,37.437226847269066,-122.16617182708288
1645656614433.0,37.437253583211735,-122.16616850588363
1645656615432.0,37.43729130763058,-122.16615910679027
1645656616433.0,37.43731678524614,-122.16614309227492
1645656617432.0,37.437336342289434,-122.16614523045358
1645656618433.0,37.437358666277404,-122.16612117558778
1645656619433.0,37.43737412280525,-122.1661025070586
1645656620433.0,37.437399912862936,-122.16611180900466
1645656621432.0,37.43744614007715,-122.1661172382342
1645656622433.0,37.43749554721736,-122.16610827628602
1645656623432.0,37.43751640595699,-122.1661297488537
1645656624433.0,37.43752862132813,-122.16617687681804
1645656625433.0,37.43752026018414,-122.16621455347031
1645656626434.0,37.43752028628466,-122.16624513387096
1645656627432.0,37.43753512870653,-122.1662611838161
1645656628434.0,37.437508946480634,-122.16629374984345
1645656629433.0,37.43749505185164,-122.16632768939311
1645656630434.0,37.43747618493135,-122.16635515966556
1645656631433.0,37.43744813026195,-122.16637977221247
1645656632434.0,37.4374410636774,-122.16640307043316
1645656633432.0,37.43740372230567,-122.16642896225439
1645656634434.0,37.43734931607138,-122.16646641367186
1645656635433.0,37.437328493916404,-122.1664942566241
1645656636434.0,37.43733930441999,-122.1665111679073
1645656637433.0,37.437361487223065,-122.16652730467021
1645656638434.0,37.4373641612742,-122.16652013176916
1645656639433.0,37.43737415878505,-122.16650691445237
1645656640432.0,37.4374010375953,-122.16650695548825
1645656641433.0,37.43747324046262,-122.16649607036163
1645656642432.0,37.43751209638053,-122.16647359630674
1645656643433.0,37.43754546212263,-122.16642424229128
1645656644432.0,37.4375847120651,-122.16639172139438
1645656645433.0,37.437630128927566,-122.1663498325853
1645656646432.0,37.43766667864448,-122.16631535901391
1645656647433.0,37.43767806631493,-122.16627211014683
1645656648432.0,37.43768966863007,-122.16624507044341
1645656649434.0,37.43771184897845,-122.16622665565019
1645656650432.0,37.437711713886344,-122.1661928482537
1645656651433.0,37.43773204906885,-122.16617440276273
1645656652432.0,37.43774685284511,-122.166159760314
1645656653434.0,37.437765392666684,-122.1661314186044
1645656654432.0,37.437791799650135,-122.16611884547503
1645656655433.0,37.43781942463406,-122.16610464729449
1645656656432.0,37.43782908507686,-122.16608009172869
1645656657434.0,37.437805602903225,-122.16605213403061
1645656658433.0,37.437796505500714,-122.16601967206604
1645656659434.0,37.4377813429501,-122.16601469008701
1645656660432.0,37.437789843636835,-122.16601912701061
1645656661434.0,37.43777909967629,-122.16602430825783
1645656662432.0,37.43773523809524,-122.16602549931356
1645656663434.0,37.4377198294375,-122.1660318649647
1645656664432.0,37.43768053837779,-122.1660257352193
1645656665434.0,37.43762480158183,-122.16605103695443
1645656666433.0,37.43757586045948,-122.16607609337751
1645656667434.0,37.43754525702804,-122.16609691328694
1645656668433.0,37.437516155250755,-122.16612641741875
1645656669432.0,37.437453559681614,-122.16617684995076
1645656670433.0,37.43742272277591,-122.166216348461
1645656671434.0,37.43741054970785,-122.166238726165
1645656672433.0,37.43741778811147,-122.16626757407262
1645656673432.0,37.437430000065426,-122.16630422383237
1645656674432.0,37.4374358831044,-122.16633279479801
1645656675432.0,37.437441620894205,-122.16636634737627
1645656676433.0,37.437423765541496,-122.16638841603476
1645656677432.0,37.43740958242125,-122.16641797032693
1645656678433.0,37.43739185850562,-122.16644224145439
1645656679432.0,37.43735489084138,-122.1664731027434
1645656680433.0,37.4373424195547,-122.16650086859038
1645656681432.0,37.43730081532882,-122.16652870879886
1645656682433.0,37.43729580955924,-122.16655328685748
1645656683432.0,37.43729300278115,-122.16657952883861
1645656684433.0,37.43728647695905,-122.16660076515811
1645656685432.0,37.4372902181542,-122.16662263261671
1645656686434.0,37.43729212430705,-122.16663322010197
1645656687432.0,37.43728974269247,-122.1666501252891
1645656688433.0,37.437268759939464,-122.16666273134088
1645656689432.0,37.437274966661306,-122.16667973228915
1645656690432.0,37.43726281705394,-122.16670581210992
1645656691432.0,37.43725915999597,-122.16673412006782
1645656692433.0,37.43725115324913,-122.16676035637455
1645656693433.0,37.43726825017334,-122.16677493900144
1645656694433.0,37.43726003830233,-122.16678954869349
1645656695432.0,37.43725666031299,-122.16680685078097
1645656696434.0,37.43727005814151,-122.16682683682942
1645656697433.0,37.437266614065905,-122.16684104208034
1645656698434.0,37.43725403480662,-122.16685108063832
1645656699433.0,37.43723218170737,-122.16687970283944
1645656700434.0,37.437236903837594,-122.16689917112328
1645656701433.0,37.43722375275685,-122.16692055120762
1645656702433.0,37.437191856492696,-122.16694930711043
1645656703433.0,37.43717971370198,-122.16698285565644
1645656704434.0,37.43717105316238,-122.16700777203893
1645656705433.0,37.43717154557581,-122.16702804419683
1645656706434.0,37.43716498008901,-122.16705652965074
1645656707432.0,37.43714131056054,-122.16708773481338
1645656708432.0,37.437139308672556,-122.16710300802026
1645656709433.0,37.437153542360484,-122.16713236655207
1645656710434.0,37.43714550529391,-122.1671590979491
1645656711433.0,37.43714727853821,-122.1671800405636
1645656712432.0,37.43714100956633,-122.16719526625323
1645656713433.0,37.43712110651466,-122.16720501234782
1645656714432.0,37.437133644338694,-122.1672173797846
1645656715433.0,37.43714949267088,-122.1672434822399
1645656716432.0,37.43714944704584,-122.16726449344924
1645656717433.0,37.437182540415606,-122.1672845935694
1645656718432.0,37.437211605131836,-122.16730957866731
1645656719433.0,37.43722358126516,-122.16732486111474
1645656720432.0,37.43726724157664,-122.16733608504856
1645656721434.0,37.43730461995132,-122.16733760783396
1645656722432.0,37.437331716254015,-122.16734040490336
1645656723434.0,37.43735776534158,-122.16734787199566
1645656724432.0,37.43739360919129,-122.1673580876913
1645656725434.0,37.43740686626377,-122.16738330653126
1645656726432.0,37.43742694690938,-122.16739389134219
1645656727434.0,37.43742900464154,-122.16741071735693
1645656728432.0,37.437444814184204,-122.16742618669508
1645656729434.0,37.43745281516703,-122.16744838501327
1645656730433.0,37.437464626309996,-122.16746872028597
1645656731434.0,37.43742726441694,-122.16750258361924
1645656732433.0,37.43742767326646,-122.16753092152861
1645656733434.0,37.43742195847538,-122.16755842908248
1645656734432.0,37.4374455685808,-122.16758086188321
1645656735434.0,37.43744740425723,-122.1675954912611
1645656736433.0,37.43744833011897,-122.16761865936309
1645656737432.0,37.437446160857085,-122.16764705303869
1645656738433.0,37.43745526986393,-122.16766626241056
1645656739434.0,37.4374597469382,-122.16768353291384
1645656740433.0,37.437491149828084,-122.16770527001938
1645656741432.0,37.43752268219205,-122.16773510107195
1645656742432.0,37.437544724069944,-122.16776586548883
1645656743432.0,37.43753606589716,-122.167794849035
1645656744433.0,37.437542038100744,-122.16781955218106
1645656745432.0,37.4375392561106,-122.1678349469278
1645656746433.0,37.437522234970984,-122.16786877724017
1645656747432.0,37.43753483409787,-122.16788915964582
1645656748433.0,37.43749308720718,-122.16791489786843
1645656749432.0,37.4374832620115,-122.16792547214814
1645656750434.0,37.437450556059865,-122.16794916403838
1645656751432.0,37.43743336175541,-122.16797353537486
1645656752433.0,37.437418304382575,-122.16798800766621
1645656753432.0,37.437407286446536,-122.16801405208344
1645656754433.0,37.43739222775348,-122.16804625122276
1645656755433.0,37.43735737858603,-122.16807797587363
1645656756434.0,37.43735397817914,-122.16810118330343
1645656757432.0,37.437349241630294,-122.16811114157262
1645656758434.0,37.43733350878266,-122.16812108013993
1645656759433.0,37.437282594662356,-122.1681217863522
1645656760432.0,37.43728596859766,-122.16813403584094
1645656761432.0,37.437267856804674,-122.16814956509153
1645656762434.0,37.43726530243316,-122.1681674205918
1645656763433.0,37.43725609669863,-122.16817195781395
1645656764434.0,37.437215573247,-122.16819409191135
1645656765433.0,37.437175865526406,-122.16823579434367
1645656766432.0,37.43716034423074,-122.16828388575422
1645656767433.0,37.43710792682975,-122.16833779624145
1645656768432.0,37.43708806775009,-122.16836418002624
1645656769432.0,37.437094137764646,-122.16838239301549
1645656770434.0,37.437077453055835,-122.16840416691194
1645656771433.0,37.43706119785603,-122.16842357281264
1645656772432.0,37.43702835465639,-122.16841540083867
1645656773433.0,37.4370032764529,-122.16842097799062
1645656774432.0,37.43697376547178,-122.16842403911967
1645656775433.0,37.43690269979911,-122.16843798100957
1645656776432.0,37.43684239603018,-122.16844600024059
1645656777433.0,37.43682710688441,-122.16845608146394
1645656778432.0,37.43679079395499,-122.16846399940155
1645656779433.0,37.4367863030162,-122.16848767728199
1645656780432.0,37.43675637540655,-122.16852831453966
1645656781433.0,37.43674113982714,-122.16855458106625
1645656782432.0,37.43674539075111,-122.16859022414617
1645656783433.0,37.436724686669216,-122.16860407350003
1645656784433.0,37.436700826821124,-122.1686391965355
1645656785434.0,37.43667433405498,-122.16866317916372
1645656786433.0,37.4366931116254,-122.1686513877044
1645656787433.0,37.43669569737483,-122.16864440061963
1645656788432.0,37.43669338425494,-122.16863414756538
1645656789434.0,37.43669841741896,-122.16863299836686
1645656790433.0,37.43669477467383,-122.16862100364526
1645656791434.0,37.4366595237686,-122.1686017705622
1645656792432.0,37.43666347063311,-122.1686090594257
1645656793432.0,37.436635566926924,-122.16861657450937
1645656794433.0,37.436552697156465,-122.16861670905915
1645656795432.0,37.43650244956854,-122.16858473115286
1645656796432.0,37.43647724038046,-122.16857095098298
1645656797434.0,37.4364632583907,-122.16859587064388
1645656798433.0,37.43643994698308,-122.1685800133246
1645656799434.0,37.43641142969879,-122.16856533094645
1645656800433.0,37.43639592548796,-122.16857114117298
1645656801432.0,37.43636630801358,-122.16857498996822
1645656802433.0,37.436354163011515,-122.16855938103325
1645656803432.0,37.43632741189865,-122.16854485402195
1645656804433.0,37.43630176472062,-122.16856342203123
1645656805432.0,37.43628295540284,-122.16856109488991
1645656806433.0,37.43623726425492,-122.1685521954287
1645656807432.0,37.43618523548082,-122.16854722878924
1645656808433.0,37.436170625948996,-122.16854622078844
1645656809432.0,37.436129212770865,-122.16855549003947
1645656810434.0,37.43611406442141,-122.16858260136222
1645656811432.0,37.43609949944533,-122.16860443410896
1645656812433.0,37.43607546477027,-122.16862273052439
1645656813432.0,37.436073487099996,-122.16861782543688
1645656814434.0,37.43607061330225,-122.1686202405705
1645656815432.0,37.43605711080202,-122.16860582249699
1645656816434.0,37.436050828799715,-122.16859613674991
1645656817433.0,37.43603216525297,-122.16857850207441
1645656818432.0,37.43599866765019,-122.16855386701963
1645656819432.0,37.435966479413295,-122.16852547682504
1645656820433.0,37.435945661231194,-122.16851544258954
1645656821433.0,37.43593339831856,-122.16852932051775
1645656822434.0,37.435928079710756,-122.1685068562983
1645656823432.0,37.43590768261114,-122.16849926563673
1645656824432.0,37.43588631005942,-122.16850618746719
1645656825433.0,37.43587580271212,-122.16852484668746
1645656826432.0,37.43583734683699,-122.16857133490876
1645656827433.0,37.43580603772224,-122.16860137294724
1645656828432.0,37.435799621251746,-122.16862647888853
1645656829433.0,37.43579112957501,-122.16862485893132
1645656830432.0,37.4357791632242,-122.16860936282922
1645656831433.0,37.43577098328615,-122.16859304597804
1645656832432.0,37.43576869089889,-122.16858168416346
1645656833433.0,37.43579329928028,-122.16858871765481
1645656834432.0,37.43581554474231,-122.16858898364676
1645656835434.0,37.43584967060074,-122.16861872597644
1645656836433.0,37.435846425821055,-122.16864383880738
1645656837432.0,37.43586622424632,-122.16865448939245
1645656838433.0,37.435844562571035,-122.16867821682864
1645656839433.0,37.435830723540676,-122.1686804479609
1645656840433.0,37.43582384675405,-122.16868111841282
1645656841434.0,37.43580911960937,-122.16868411599253
1645656842433.0,37.43578457603175,-122.1686707396219
1645656843432.0,37.43573875588092,-122.16865081939662
1645656844433.0,37.43571377832776,-122.16864253598676
1645656845432.0,37.43568210572055,-122.16864741812182
1645656846433.0,37.43564096051926,-122.16865746448902
1645656847432.0,37.43560970871411,-122.16867447386551
1645656848433.0,37.43558504023163,-122.16869179371075
1645656849432.0,37.43559549947914,-122.16872498198003
1645656850434.0,37.435596923572824,-122.1687455756027
1645656851432.0,37.435594939938866,-122.16876099453908
1645656852434.0,37.43559313467956,-122.16876758552448
1645656853432.0,37.4355952071493,-122.16879892878366
1645656854432.0,37.43560553552879,-122.16883141856164
1645656855433.0,37.43562424641803,-122.16884260304951
1645656856434.0,37.435634694617015,-122.1688594785216
1645656857433.0,37.43562330636479,-122.1688939435977
1645656858432.0,37.435614499819756,-122.16891461674632
1645656859432.0,37.435562377961055,-122.16895864738831
1645656860434.0,37.43556046082781,-122.16898996305414
1645656861433.0,37.43557820336634,-122.16900965342967
1645656862432.0,37.43557895435471,-122.16901629791201
1645656863433.0,37.435608230774136,-122.16902423452743
1645656864432.0,37.43563878907113,-122.16903619746418
1645656865433.0,37.43569002744325,-122.16905184405803
1645656866432.0,37.43565472141276,-122.16909078684324
1645656867433.0,37.435662420224745,-122.16910795407307
1645656868432.0,37.43566035765582,-122.16910388040837
1645656869433.0,37.435648527444876,-122.1691275546697
1645656870432.0,37.43562251576141,-122.16915058084905
1645656871432.0,37.43558689925894,-122.16917782614112
1645656872432.0,37.43556473438948,-122.16919985138131
1645656873433.0,37.43552805868084,-122.16922859646517
1645656874433.0,37.43550539183425,-122.16925733696824
1645656875432.0,37.43548264804522,-122.16928582692809
1645656876433.0,37.435460368110604,-122.16929904076525
1645656877432.0,37.435423720304385,-122.16932611947934
1645656878433.0,37.43542203863212,-122.16933625318765
1645656879432.0,37.43539583230089,-122.16935460792476
1645656880433.0,37.4353844157552,-122.16936896468154
1645656881432.0,37.43536666952036,-122.16938335971645
1645656882433.0,37.435357765697994,-122.16940849864255
1645656883432.0,37.435324089147144,-122.16944646089809
1645656884433.0,37.43528221550564,-122.16946244580409
1645656885432.0,37.435267125332864,-122.16949219067894
1645656886433.0,37.43526523142491,-122.16951767898135
1645656887432.0,37.4352642209131,-122.169522388215
1645656888434.0,37.43525689061059,-122.16954034629622
1645656889432.0,37.43526274141968,-122.16955304104592
1645656890433.0,37.43526968113122,-122.16957964474734
1645656891432.0,37.43526311964407,-122.16960699465525
1645656892434.0,37.435268024078745,-122.1696178429214
1645656893433.0,37.435228218382925,-122.16963409005876
1645656894433.0,37.435202126179874,-122.16964567959833
1645656895433.0,37.435182644969125,-122.16966030239301
1645656896432.0,37.43519353538648,-122.16968954576541
1645656897433.0,37.43519956296871,-122.16970765181088
1645656898434.0,37.43519075886299,-122.16974490284406
1645656899433.0,37.43518021142816,-122.16978295395622
1645656900432.0,37.43516466464877,-122.16980233113246
1645656901433.0,37.43511502255623,-122.16981200432114
1645656902432.0,37.43507907957862,-122.16979383433511
1645656903433.0,37.435019124765944,-122.16977103495165
1645656904432.0,37.43499829046093,-122.16975184116792
1645656905433.0,37.434967025648014,-122.16973687980956
1645656906433.0,37.434944160526385,-122.16971151347882
1645656907433.0,37.43492447269207,-122.16969286274545
1645656908432.0,37.43489180660472,-122.16967660781395
1645656909433.0,37.43487661640825,-122.16964634320847
1645656910432.0,37.434854124791606,-122.1696323198634
1645656911434.0,37.43481299236084,-122.16961778829099
1645656912432.0,37.43478752364892,-122.16960176591004
1645656913433.0,37.434761032285266,-122.16959921319219
1645656914432.0,37.43472729981743,-122.16961174297217
1645656915434.0,37.43472093245098,-122.16960633494811
1645656916433.0,37.43469071726578,-122.1696238459814
1645656917432.0,37.43466860441441,-122.16962330178697
1645656918433.0,37.43464675432741,-122.16962789297321
1645656919434.0,37.43461084811491,-122.16962836715332
1645656920433.0,37.43457171690195,-122.16962762603018
1645656921432.0,37.43452911956542,-122.16962285137613
1645656922433.0,37.43450715204324,-122.16961542347343
1645656923432.0,37.43448170754003,-122.16961538068801
1645656924433.0,37.43445995454409,-122.16960280014622
1645656925432.0,37.43444971239452,-122.1695940206146
1645656926433.0,37.43443868691151,-122.16958169204197
1645656927432.0,37.434411228047416,-122.16955962041636
1645656928434.0,37.43438047115094,-122.16954763800464
1645656929432.0,37.43434873379399,-122.16953123633785
1645656930433.0,37.43432232375571,-122.1695184067158
1645656931433.0,37.4342989496755,-122.16950746438697
1645656932434.0,37.43428524447891,-122.1694965726069
1645656933433.0,37.43425999677055,-122.16948064782548
1645656934432.0,37.4342436405314,-122.16946176003943
1645656935433.0,37.434231747172284,-122.16944007056337
1645656936432.0,37.43421261552745,-122.16942050565565
1645656937433.0,37.434184326739896,-122.16939863525064
1645656938432.0,37.434169361844035,-122.16937107262028
1645656939433.0,37.434157394678294,-122.16934776656517
1645656940432.0,37.43414034645162,-122.16931989506551
1645656941433.0,37.43416709810142,-122.16928934275761
1645656942432.0,37.43416671078492,-122.16926996537708
1645656943433.0,37.43418983279943,-122.1692568021132
1645656944433.0,37.43419747195712,-122.16923812191672
1645656945434.0,37.43422130187473,-122.16921703876467
1645656946432.0,37.43424212235383,-122.16919285166493
1645656947434.0,37.434245896273936,-122.16916924402283
1645656948433.0,37.43425213526344,-122.1691438525143
1645656949432.0,37.434261304997506,-122.16913537476616
1645656950433.0,37.43428793887104,-122.16911045761127
1645656951434.0,37.43429176840448,-122.1690829943643
1645656952432.0,37.43431129680853,-122.16903866950297
1645656953432.0,37.43428915692045,-122.16902588790397
1645656954433.0,37.43429364341763,-122.16900813571523
1645656955435.0,37.434300768838774,-122.16898344291013
1645656956433.0,37.43429116114813,-122.16895126771975
1645656957432.0,37.43429470296262,-122.16892395085613
1645656958433.0,37.43430625204698,-122.1688981176447
1645656959432.0,37.43432092067731,-122.16887605051377
1645656960433.0,37.4343127558398,-122.16884764089758
1645656961432.0,37.43429852550512,-122.16881765272908
1645656962434.0,37.434284927698066,-122.16879252194452
1645656963432.0,37.43428898294069,-122.16877645905511
1645656964432.0,37.434264551229816,-122.16874985562853
1645656965433.0,37.43426762904314,-122.16873453292304
1645656966432.0,37.43425916820071,-122.16871390822186
1645656967433.0,37.43424025299949,-122.16869237869079
1645656968432.0,37.434227016256926,-122.16866786792895
1645656969433.0,37.43423132047307,-122.16865250861427
1645656970434.0,37.43422034981387,-122.16863218692129
1645656971433.0,37.43421504462756,-122.16861208702021
1645656972432.0,37.43420580571992,-122.16859089545544
1645656973433.0,37.43419872365541,-122.16856792343536
1645656974432.0,37.43420093280717,-122.16854861883695
1645656975434.0,37.434194134204006,-122.16852728918933
1645656976432.0,37.434161260048974,-122.16851244561242
1645656977433.0,37.43413548763481,-122.16850226966238
1645656978432.0,37.43411188243906,-122.16847019565964
1645656979434.0,37.43412446942388,-122.16843901386846
1645656980432.0,37.4340879141061,-122.16840180101855
1645656981433.0,37.43407358339692,-122.16837904727413
1645656982433.0,37.43405748497755,-122.16835101416437
1645656983433.0,37.4340425402783,-122.1683307349561
1645656984432.0,37.43405477745742,-122.16831684610497
1645656985433.0,37.434088286433706,-122.16828289246953
1645656986432.0,37.434089543639104,-122.16825816712378
1645656987434.0,37.43408227925068,-122.16824387101458
1645656988433.0,37.43408951570239,-122.16822953089321
1645656989434.0,37.43407928589616,-122.16822161996896
1645656990433.0,37.43407006457519,-122.16818852433649
1645656991434.0,37.434041549627516,-122.16815835688018
1645656992433.0,37.434035569774565,-122.16815451680961
1645656993432.0,37.434024980015955,-122.1681342415857
1645656994433.0,37.43401033845663,-122.16810614886847
1645656995432.0,37.4340227593831,-122.1680831766808
1645656996433.0,37.434035907089964,-122.16805429691121
1645656997432.0,37.43403301201088,-122.16803866711265
1645656998434.0,37.43404021157879,-122.1680142265826
1645656999432.0,37.43405600351348,-122.16800005592857
1645657000434.0,37.43407272502383,-122.1679786008259
1645657001432.0,37.43408479484672,-122.16795140189365
1645657002434.0,37.434079699208084,-122.16792273566786
1645657003433.0,37.43409527282932,-122.1679004990154
1645657004433.0,37.43410973372727,-122.1678863712335
1645657005432.0,37.43412840260581,-122.16786386989874
1645657006432.0,37.43413646781554,-122.16784065339124
1645657007432.0,37.4341419437348,-122.16781794166566
1645657008432.0,37.43414934273518,-122.16780125636942
1645657009433.0,37.434163955735244,-122.1677849290337
1645657010432.0,37.43416480717005,-122.16776590692893
1645657011433.0,37.434176349914004,-122.16774423769293
1645657012432.0,37.434181510708676,-122.1677289213136
1645657013433.0,37.434190296301026,-122.16771665459838
1645657014432.0,37.4342020097213,-122.1676981819173
1645657015433.0,37.43420116951687,-122.16766885834555
1645657016432.0,37.43420632392529,-122.16763983966352
1645657017433.0,37.43421314926461,-122.1676072077324
1645657018432.0,37.43420908289505,-122.16758966547609
1645657019434.0,37.4341945003124,-122.16754635386995
1645657020433.0,37.43418414254382,-122.16751818092575
1645657021433.0,37.43418432502077,-122.1674829810079
1645657022432.0,37.43420008877848,-122.16746473761869
1645657023434.0,37.43417928934635,-122.16744877535199
1645657024432.0,37.43418091861742,-122.16742492983502
1645657025432.0,37.434163948819275,-122.16739156545586
1645657026433.0,37.43419038282468,-122.16737400318148
1645657027434.0,37.434204909199316,-122.16735082536101
1645657028433.0,37.43422604158376,-122.1673285945489
1645657029434.0,37.4342348611138,-122.16731343720637
1645657030433.0,37.434257805373605,-122.1672955982726
1645657031432.0,37.434272723417024,-122.16728316868611
1645657032433.0,37.43428225831408,-122.16727860287651
