1.64575E+12,37.42050384,-122.1756194,66.53648614
1.64575E+12,37.42047489,-122.1756002,56.80613369
1.64575E+12,37.42052441,-122.1755857,63.22620726
1.64575E+12,37.42042048,-122.1756434,60.45678247
1.64575E+12,37.42028016,-122.1757316,52.5111178
1.64575E+12,37.42028573,-122.1758145,53.83292501
1.64575E+12,37.42025863,-122.1757716,55.82175985
1.64575E+12,37.42028621,-122.1756686,47.95706291
1.64575E+12,37.4203641,-122.1757379,61.51951504
1.64575E+12,37.42035839,-122.1757881,60.64194709
1.64575E+12,37.42023618,-122.1758302,47.25046736
1.64575E+12,37.42034404,-122.1758361,53.0519954
1.64575E+12,37.42020532,-122.1759307,46.06265508
1.64575E+12,37.42028292,-122.1757236,53.39475701
1.64575E+12,37.42036493,-122.1757253,63.97124647
1.64575E+12,37.42036844,-122.1758078,64.4444231
1.64575E+12,37.42031937,-122.1758561,65.03666469
1.64575E+12,37.42028146,-122.1758871,67.39637386
1.64575E+12,37.42028634,-122.1758632,63.52024485
1.64575E+12,37.42035228,-122.1758047,67.30540895
1.64575E+12,37.42031819,-122.1756978,41.69143521
1.64575E+12,37.42032299,-122.1757069,48.9691059
1.64575E+12,37.42056091,-122.175721,58.70219505
1.64575E+12,37.42044334,-122.1757246,54.44902028
1.64575E+12,37.42036588,-122.1757999,45.00099084
1.64575E+12,37.42044302,-122.1757822,50.55246097
1.64575E+12,37.42036565,-122.175804,40.87781969
1.64575E+12,37.42042326,-122.1758553,45.28053749
1.64575E+12,37.42039399,-122.1759351,47.69817583
1.64575E+12,37.42045844,-122.1760169,53.72496665
1.64575E+12,37.42041241,-122.1760409,36.20173883
1.64575E+12,37.42047496,-122.1761736,48.42272299
1.64575E+12,37.42041263,-122.1761305,46.0233052
1.64575E+12,37.42041224,-122.1761102,27.8704289
1.64575E+12,37.42038852,-122.1762078,26.4283341
1.64575E+12,37.42026384,-122.1762934,-12.44810777
1.64575E+12,37.42049399,-122.1763366,21.31674605
1.64575E+12,37.42054063,-122.1762534,62.79308133
1.64575E+12,37.42040007,-122.176485,32.90931732
1.64575E+12,37.42034253,-122.1764032,12.50936347
1.64575E+12,37.4203827,-122.1764779,9.444101381
1.64575E+12,37.42041246,-122.1764776,26.58411478
1.64575E+12,37.42042253,-122.1766605,38.19869864
1.64575E+12,37.42056561,-122.1764992,54.50738247
1.64575E+12,37.42050641,-122.1765971,51.16336353
1.64575E+12,37.42057123,-122.1765722,62.36885496
1.64575E+12,37.42058945,-122.1765988,65.00874935
1.64575E+12,37.42054159,-122.1767267,23.68401705
1.64575E+12,37.42056328,-122.1766733,21.63713545
1.64575E+12,37.42061377,-122.1767839,23.12996536
1.64575E+12,37.42066369,-122.1767379,34.47994886
1.64575E+12,37.42066759,-122.1768462,18.6895105
1.64575E+12,37.42064264,-122.1768142,45.15133811
1.64575E+12,37.42051692,-122.1768376,62.96943156
1.64575E+12,37.42069745,-122.1768954,58.70555034
1.64575E+12,37.42059684,-122.1770062,13.50805657
1.64575E+12,37.420652,-122.1769582,35.30245887
1.64575E+12,37.42081407,-122.1769232,52.06533227
1.64575E+12,37.42078658,-122.1770502,28.77979648
1.64575E+12,37.4208182,-122.1770353,49.54653828
1.64575E+12,37.42086469,-122.177074,41.18364954
1.64575E+12,37.42077112,-122.177099,34.5293042
1.64575E+12,37.42081389,-122.1772011,19.40555787
1.64575E+12,37.42083346,-122.1772179,16.99476342
1.64575E+12,37.42081919,-122.1772418,17.16892474
1.64575E+12,37.42098088,-122.177239,26.5324139
1.64575E+12,37.42097808,-122.1772246,59.21430526
1.64575E+12,37.4210335,-122.17722,79.58546094
1.64575E+12,37.42101528,-122.1772369,71.84621434
1.64575E+12,37.42102706,-122.1772284,88.44990666
1.64575E+12,37.42110655,-122.1773508,74.46702902
1.64575E+12,37.42111329,-122.1773218,84.69779674
1.64575E+12,37.42097548,-122.1774073,69.27314897
1.64575E+12,37.42092877,-122.1775375,36.0427455
1.64575E+12,37.4209329,-122.177675,11.52572217
1.64575E+12,37.42099051,-122.1776029,55.30739815
1.64575E+12,37.42109779,-122.1776106,28.17587797
1.64575E+12,37.42107508,-122.1777352,23.39004845
1.64575E+12,37.42097717,-122.1778249,19.78935951
1.64575E+12,37.4210438,-122.1777467,20.62272326
1.64575E+12,37.42111404,-122.1777527,36.41929206
1.64575E+12,37.42101942,-122.177815,50.57800796
1.64575E+12,37.4211081,-122.1778145,39.78541428
1.64575E+12,37.4211426,-122.1779818,55.60865708
1.64575E+12,37.42123072,-122.1778106,93.25218103
1.64575E+12,37.42126032,-122.1777811,107.0179375
1.64575E+12,37.42115327,-122.1779191,68.63451616
1.64575E+12,37.42121902,-122.1780151,27.27062
1.64575E+12,37.4211554,-122.1781074,26.95973752
1.64575E+12,37.42126389,-122.1780867,48.41823618
1.64575E+12,37.42125608,-122.1780964,68.82858996
1.64575E+12,37.42129974,-122.1780533,57.45241486
1.64575E+12,37.42121469,-122.1781313,45.56729922
1.64575E+12,37.42130118,-122.178116,42.14906201
1.64575E+12,37.42129241,-122.1780599,32.46312132
1.64575E+12,37.42128648,-122.1781158,33.16772106
1.64575E+12,37.42140399,-122.1781239,39.83531023
1.64575E+12,37.42150757,-122.1780581,37.37484957
1.64575E+12,37.42154147,-122.1781289,44.16266353
1.64575E+12,37.42153011,-122.1780523,47.03625397
1.64575E+12,37.42155153,-122.1781104,51.11558837
1.64575E+12,37.42161797,-122.1781035,46.87023859
1.64575E+12,37.42163441,-122.1781787,45.57992048
1.64575E+12,37.42168112,-122.1781615,43.77495698
1.64575E+12,37.42170658,-122.1781261,41.86986705
1.64575E+12,37.42173066,-122.1782136,37.54441593
1.64575E+12,37.42177784,-122.1781589,49.02656191
1.64575E+12,37.42178959,-122.1781736,32.75498038
1.64575E+12,37.42187053,-122.1781378,42.42917366
1.64575E+12,37.42185778,-122.1780876,51.07276079
1.64575E+12,37.42188333,-122.1781318,38.26814565
1.64575E+12,37.42188819,-122.1781029,44.58554383
1.64575E+12,37.42198962,-122.1781353,32.72553923
1.64575E+12,37.42203085,-122.178154,40.16309724
1.64575E+12,37.42198935,-122.1780864,37.06660959
1.64575E+12,37.42201168,-122.1780781,43.86447556
1.64575E+12,37.42203229,-122.1781076,48.85781824
1.64575E+12,37.42201243,-122.1779869,52.17461286
1.64575E+12,37.42213635,-122.1779676,60.04383142
1.64575E+12,37.42210425,-122.1779587,52.53330162
1.64575E+12,37.42212237,-122.1779619,57.11847054
1.64575E+12,37.4221473,-122.1780293,58.82164042
1.64575E+12,37.42229262,-122.1779168,68.47196893
1.64575E+12,37.42221392,-122.1779265,56.48919776
1.64575E+12,37.42223957,-122.1781077,55.94138814
1.64575E+12,37.42227899,-122.1780015,61.5489509
1.64575E+12,37.42232396,-122.1780346,59.78594698
1.64575E+12,37.42230711,-122.1781018,52.66398483
1.64575E+12,37.42229501,-122.1778771,65.46969308
1.64575E+12,37.42240175,-122.1778583,73.75233842
1.64575E+12,37.4224005,-122.1780011,54.2650865
1.64575E+12,37.42247672,-122.1779214,64.75751189
1.64575E+12,37.42253541,-122.1780156,42.35932462
1.64575E+12,37.42258859,-122.1782258,40.82872037
1.64575E+12,37.42261832,-122.1778812,42.46054996
1.64575E+12,37.42262045,-122.1779742,49.80043142
1.64575E+12,37.42263287,-122.1781136,46.49452417
1.64575E+12,37.42261241,-122.1779841,60.50900022
1.64575E+12,37.42276244,-122.1780789,42.97808761
1.64575E+12,37.42282977,-122.1780762,38.94748233
1.64575E+12,37.42275963,-122.1780085,41.7676096
1.64575E+12,37.42274029,-122.1781484,36.07026997
1.64575E+12,37.422867,-122.1780466,50.64004045
1.64575E+12,37.42283843,-122.178082,37.1829656
1.64575E+12,37.42292258,-122.1781671,27.5958514
1.64575E+12,37.42292127,-122.1780208,41.66421231
1.64575E+12,37.42298538,-122.1780859,53.07856999
1.64575E+12,37.42290742,-122.1780997,32.19487937
1.64575E+12,37.42300758,-122.178021,33.62457795
1.64575E+12,37.4230262,-122.1780208,42.779386
1.64575E+12,37.42310355,-122.1780148,41.06350466
1.64575E+12,37.42317201,-122.1780046,36.63164262
1.64575E+12,37.42319499,-122.1780084,55.02480895
1.64575E+12,37.42312575,-122.1781944,25.61193321
1.64575E+12,37.42321718,-122.1780852,29.19622132
1.64575E+12,37.42325711,-122.1780269,42.06336572
1.64575E+12,37.42320237,-122.1780273,32.20917805
1.64575E+12,37.42337628,-122.1780958,35.47326964
1.64575E+12,37.42329777,-122.1781526,28.62546994
1.64575E+12,37.42341954,-122.1782259,18.34564113
1.64575E+12,37.42339314,-122.1781312,30.15084442
1.64575E+12,37.42341589,-122.1781838,25.39096856
1.64575E+12,37.42342948,-122.1780445,43.60779587
1.64575E+12,37.42352066,-122.1780299,39.03682174
1.64575E+12,37.42357134,-122.1781488,29.50846567
1.64575E+12,37.42358644,-122.1781017,29.9637804
1.64575E+12,37.42355289,-122.1780654,31.82822657
1.64575E+12,37.42364398,-122.1779269,56.13234035
1.64575E+12,37.42368699,-122.1780555,35.39931559
1.64575E+12,37.42366718,-122.1780755,36.72378222
1.64575E+12,37.4237308,-122.1781561,23.0479166
1.64575E+12,37.42372321,-122.1781286,28.8282661
1.64575E+12,37.42381832,-122.1780477,32.10174246
1.64575E+12,37.42382169,-122.1780454,34.25376414
1.64575E+12,37.4237892,-122.1781448,33.33966628
1.64575E+12,37.42382829,-122.177976,46.45929889
1.64575E+12,37.42393545,-122.1779414,48.39008849
1.64575E+12,37.42387355,-122.1779881,40.7710349
1.64575E+12,37.42393876,-122.17802,30.3923775
1.64575E+12,37.42391759,-122.1779914,37.54510113
1.64575E+12,37.42396552,-122.1779663,36.95415561
1.64575E+12,37.42396516,-122.1780101,37.66795576
1.64575E+12,37.42407772,-122.1778945,35.22836073
1.64575E+12,37.42402345,-122.177836,47.44399763
1.64575E+12,37.4240737,-122.1778775,40.69595983
1.64575E+12,37.4241008,-122.1779481,34.09505219
1.64575E+12,37.42407979,-122.1778763,29.30817623
1.64575E+12,37.42408332,-122.1779008,35.43285265
1.64575E+12,37.4240794,-122.1778157,40.71615166
1.64575E+12,37.4241486,-122.1778126,23.64856972
1.64575E+12,37.42408442,-122.1778283,34.96588497
1.64575E+12,37.42417254,-122.1776959,42.01342428
1.64575E+12,37.42414865,-122.1776709,31.68877316
1.64575E+12,37.4242065,-122.1776291,43.7884785
1.64575E+12,37.42427631,-122.1777796,22.21072161
1.64575E+12,37.42425954,-122.1776173,22.20527689
1.64575E+12,37.4242902,-122.1775883,26.23244152
1.64575E+12,37.42429007,-122.1775621,38.52716848
1.64575E+12,37.42433635,-122.177442,39.92434609
1.64575E+12,37.42437431,-122.1774284,38.01138416
1.64575E+12,37.42440269,-122.1772275,42.25581278
1.64575E+12,37.42428971,-122.1773975,39.33115152
1.64575E+12,37.42442211,-122.1773028,37.03340868
1.64575E+12,37.4243779,-122.177489,21.80205206
1.64575E+12,37.42449624,-122.1774542,30.93931529
1.64575E+12,37.42440453,-122.1774089,24.42915758
1.64575E+12,37.42437092,-122.1773545,40.63478796
1.64575E+12,37.42442645,-122.1772699,40.94759468
1.64575E+12,37.42460176,-122.1772943,24.13494389
1.64575E+12,37.42441535,-122.1771355,45.42658533
1.64575E+12,37.42454969,-122.177154,32.41885378
1.64575E+12,37.42464216,-122.1773033,31.9169735
1.64575E+12,37.42444242,-122.1770644,39.9026935
1.64575E+12,37.42448369,-122.1770872,31.47694262
1.64575E+12,37.42449074,-122.1769284,26.1875467
1.64575E+12,37.42443304,-122.1770631,-9.842485515
1.64575E+12,37.42453964,-122.1769944,13.68306909
1.64575E+12,37.42457721,-122.1769596,67.99902833
1.64575E+12,37.42449189,-122.1766787,57.94211803
1.64575E+12,37.42464338,-122.177003,51.16498416
1.64575E+12,37.42441895,-122.176783,8.819914476
1.64575E+12,37.42453783,-122.1766633,34.12818983
1.64575E+12,37.42458982,-122.1767436,64.4111682
1.64575E+12,37.42451583,-122.1768162,55.42774642
1.64575E+12,37.4244912,-122.1767893,32.3064543
1.64575E+12,37.42443641,-122.1767125,48.63709324
1.64575E+12,37.42443411,-122.1764782,70.70731696
1.64575E+12,37.42447487,-122.1767219,39.58273382
1.64575E+12,37.42445855,-122.1765274,56.179005
1.64575E+12,37.42443763,-122.176498,54.87411452
1.64575E+12,37.42444426,-122.1765166,56.27378929
1.64575E+12,37.42443428,-122.1764788,49.14399093
1.64575E+12,37.42441559,-122.1764686,62.69175176
1.64575E+12,37.42441658,-122.1763489,56.95037601
1.64575E+12,37.42446387,-122.1763714,48.26831872
1.64575E+12,37.42433206,-122.1763294,51.91960495
1.64575E+12,37.42427385,-122.1761768,63.12084737
1.64575E+12,37.42431331,-122.176279,48.06084462
1.64575E+12,37.42424357,-122.1761889,50.73549784
1.64575E+12,37.42433806,-122.1761722,63.23647493
1.64575E+12,37.42433874,-122.1761696,57.17524183
1.64575E+12,37.42431005,-122.1761647,49.99235056
1.64575E+12,37.42421528,-122.1760241,51.02654016
1.64575E+12,37.42432491,-122.1759172,68.2528881
1.64575E+12,37.42415933,-122.1760858,71.35561631
1.64575E+12,37.42427972,-122.1759422,51.57917792
1.64575E+12,37.4242237,-122.1758969,56.18016226
1.64575E+12,37.42411932,-122.1758476,68.70350615
1.64575E+12,37.42408206,-122.1758414,61.57649755
1.64575E+12,37.42414584,-122.1757511,60.10621233
1.64575E+12,37.42415718,-122.1757498,57.5430715
1.64575E+12,37.42409844,-122.1757471,69.39930435
1.64575E+12,37.4241326,-122.1757361,57.8193084
1.64575E+12,37.42411775,-122.175533,73.95307583
1.64575E+12,37.42398737,-122.1756212,63.62853805
1.64575E+12,37.42400875,-122.1755254,76.20956478
1.64575E+12,37.42406482,-122.1755996,57.37151532
1.64575E+12,37.42400776,-122.1755361,59.53851501
1.64575E+12,37.4240035,-122.1753862,57.35207895
1.64575E+12,37.42399156,-122.1753692,67.21743563
1.64575E+12,37.4239859,-122.1754421,57.66099642
1.64575E+12,37.42399563,-122.1754105,64.11010182
1.64575E+12,37.42387762,-122.1752687,58.16138767
1.64575E+12,37.42395466,-122.1754504,56.35729184
1.64575E+12,37.42390255,-122.1752022,49.34450452
1.64575E+12,37.42394722,-122.1754405,46.3741765
1.64575E+12,37.42388337,-122.1753935,59.76829731
1.64575E+12,37.42387699,-122.1751435,65.60831998
1.64575E+12,37.42388596,-122.175258,37.1584135
1.64575E+12,37.42385438,-122.1750822,65.16103111
1.64575E+12,37.42387758,-122.1752015,51.143797
1.64575E+12,37.42385364,-122.1752668,31.4133722
1.64575E+12,37.42385391,-122.1752692,46.14953019
1.64575E+12,37.4237411,-122.1750152,49.46088311
1.64575E+12,37.42379139,-122.1750608,53.93693907
1.64575E+12,37.42373298,-122.175083,46.27939968
1.64575E+12,37.42372638,-122.1749888,54.77618484
1.64575E+12,37.4236778,-122.1749691,43.44462685
1.64575E+12,37.42368977,-122.1748776,66.60793714
1.64575E+12,37.42362126,-122.1748405,52.00405021
1.64575E+12,37.42368927,-122.1748516,46.04216568
1.64575E+12,37.42368239,-122.1748412,41.03922423
1.64575E+12,37.42362139,-122.1747345,45.61713101
1.64575E+12,37.42362975,-122.1746531,62.7469159
1.64575E+12,37.42363608,-122.1745682,76.60626689
1.64575E+12,37.42361943,-122.1746485,48.28152397
1.64575E+12,37.42354251,-122.1746165,43.10845408
1.64575E+12,37.42358983,-122.1745624,53.4376154
1.64575E+12,37.42355402,-122.1745509,68.80002508
1.64575E+12,37.4234441,-122.1744213,45.95829779
1.64575E+12,37.42346078,-122.174434,27.29023557
1.64575E+12,37.42345644,-122.1743294,32.92701759
1.64575E+12,37.42357932,-122.1743425,91.04892504
1.64575E+12,37.42344997,-122.1744961,35.26509416
1.64575E+12,37.4233799,-122.1742508,15.46307135
1.64575E+12,37.42342397,-122.174206,48.64436085
1.64575E+12,37.42332428,-122.1743006,3.852449902
1.64575E+12,37.42343103,-122.1742763,30.66481938
1.64575E+12,37.42330415,-122.1742405,20.01743332
1.64575E+12,37.42333392,-122.1741715,9.118253096
1.64575E+12,37.42338332,-122.1741299,15.92271839
1.64575E+12,37.42335258,-122.1740734,39.7465182
1.64575E+12,37.42326726,-122.1740633,15.44057775
1.64575E+12,37.42327295,-122.1740966,8.551869507
1.64575E+12,37.42330062,-122.1739776,33.31389547
1.64575E+12,37.42317397,-122.1739728,8.992481907
1.64575E+12,37.42317053,-122.173889,5.440756703
1.64575E+12,37.42309295,-122.1739095,20.28824807
1.64575E+12,37.42317037,-122.1739474,7.554745886
1.64575E+12,37.42320042,-122.1739228,30.96020336
1.64575E+12,37.42313704,-122.1737991,24.78443111
1.64575E+12,37.42314223,-122.1738376,21.25615117
1.64575E+12,37.42309342,-122.173816,32.01828444
1.64575E+12,37.42301161,-122.1738403,-0.870078275
1.64575E+12,37.4229451,-122.1736989,20.06222797
1.64575E+12,37.42299496,-122.1737023,26.36610182
1.64575E+12,37.42298029,-122.1737714,29.59230097
1.64575E+12,37.42285281,-122.1737165,25.63792499
1.64575E+12,37.42297833,-122.1737266,67.09771919
1.64575E+12,37.42285629,-122.1738472,24.38776582
1.64575E+12,37.42287047,-122.1738062,39.14262736
1.64575E+12,37.4227938,-122.1736861,40.54764761
1.64575E+12,37.42289063,-122.1737114,40.91104927
1.64575E+12,37.42293292,-122.1737096,52.90558351
1.64575E+12,37.42275056,-122.1736535,41.79210799
1.64575E+12,37.42277907,-122.1737309,55.14896048
1.64575E+12,37.42266459,-122.1736798,34.74396958
1.64575E+12,37.42264835,-122.1736729,27.6998951
1.64575E+12,37.42268148,-122.1737046,35.53219849
1.64575E+12,37.42267129,-122.1737207,38.60471823
1.64575E+12,37.42264671,-122.1736785,39.36711541
1.64575E+12,37.42262096,-122.1736824,54.88938247
1.64575E+12,37.4225377,-122.1738022,41.19509707
1.64575E+12,37.42257406,-122.1737671,34.09302779
1.64575E+12,37.42249085,-122.1737745,38.09640921
1.64575E+12,37.42256502,-122.1738112,57.21007414
1.64575E+12,37.42247967,-122.1738535,42.30155094
1.64575E+12,37.42238955,-122.1739022,44.46937508
1.64575E+12,37.42244207,-122.1738743,45.99408739
1.64575E+12,37.42245548,-122.1738568,65.63479093
1.64575E+12,37.42236057,-122.1738387,50.86499679
1.64575E+12,37.4223534,-122.1739407,59.97202608
1.64575E+12,37.42223287,-122.1739742,35.09459282
1.64575E+12,37.42223887,-122.1739413,52.42190535
1.64575E+12,37.42225235,-122.1740626,70.01134114
1.64575E+12,37.42223366,-122.1739332,51.01602865
1.64575E+12,37.42205571,-122.1738307,27.42170605
1.64575E+12,37.4221064,-122.1738913,36.88465443
1.64575E+12,37.42206757,-122.1739014,51.06993122
1.64575E+12,37.42206768,-122.1738906,27.02110568
1.64575E+12,37.42209362,-122.1739075,54.5266477
1.64575E+12,37.42194877,-122.1739923,32.95856549
1.64575E+12,37.42198731,-122.1740405,59.59539103
1.64575E+12,37.42201501,-122.1739545,58.84153292
1.64575E+12,37.42201019,-122.1739279,62.35504549
1.64575E+12,37.4218475,-122.1739904,30.01843647
1.64575E+12,37.42185559,-122.1739453,60.67129316
1.64575E+12,37.42182954,-122.1739698,17.20402061
1.64575E+12,37.42171865,-122.1739046,19.71837125
1.64575E+12,37.42179563,-122.1738302,28.11587442
1.64575E+12,37.42168932,-122.1739341,32.7560387
1.64575E+12,37.42165076,-122.1739198,61.88450594
1.64575E+12,37.42163699,-122.1737241,16.83405679
1.64575E+12,37.42165083,-122.1738383,40.3584929
1.64575E+12,37.42163893,-122.1737722,57.44695812
1.64575E+12,37.42156264,-122.1740074,53.3932883
1.64575E+12,37.42149237,-122.1740189,56.1749341
1.64575E+12,37.42145105,-122.1736519,17.8184811
1.64575E+12,37.42147292,-122.1737925,48.36181974
1.64575E+12,37.42151746,-122.1739372,77.32481143
1.64575E+12,37.4214577,-122.1738352,44.50261005
1.64575E+12,37.42145934,-122.1736284,42.99483201
1.64575E+12,37.42132298,-122.1739507,39.50819777
1.64575E+12,37.42145547,-122.1738557,57.12813232
1.64575E+12,37.42140498,-122.1739115,54.17824705
1.64575E+12,37.42136447,-122.1738619,46.05816968
1.64575E+12,37.42126993,-122.1738458,40.32814717
1.64575E+12,37.42122985,-122.1738853,23.96293331
1.64575E+12,37.42118773,-122.1740867,64.6462798
1.64575E+12,37.42121172,-122.1739981,56.84713253
1.64575E+12,37.42116023,-122.1739914,38.83529015
1.64575E+12,37.42114221,-122.173968,49.72360984
1.64575E+12,37.42109325,-122.1739004,26.69578053
1.64575E+12,37.42111041,-122.1740993,42.16000804
1.64575E+12,37.42105127,-122.1741516,32.1731247
1.64575E+12,37.42102883,-122.1740744,27.08852902
1.64575E+12,37.42106921,-122.1740766,42.29942484
1.64575E+12,37.42099809,-122.1741787,31.92165139
1.64575E+12,37.42104154,-122.1740704,26.72014643
1.64575E+12,37.42090506,-122.1742257,22.89422791
1.64575E+12,37.42106403,-122.1743411,38.98168357
1.64575E+12,37.4209015,-122.1743398,50.27673502
1.64575E+12,37.42098668,-122.1743054,38.60419024
1.64575E+12,37.42083343,-122.1742276,24.35497726
1.64575E+12,37.42093004,-122.1742836,32.89802203
1.64575E+12,37.42086465,-122.1744792,14.17364319
1.64575E+12,37.4208141,-122.1745413,39.69970988
1.64575E+12,37.42088998,-122.1744744,71.23729328
1.64575E+12,37.42085768,-122.1745341,43.19359516
1.64575E+12,37.42088198,-122.1743859,32.53597356
1.64575E+12,37.42087329,-122.1745055,93.88504962
1.64575E+12,37.4208477,-122.1746353,101.0098767
1.64575E+12,37.42083717,-122.1746506,44.57200173
1.64575E+12,37.42082894,-122.1746344,97.39038498
1.64575E+12,37.42075829,-122.1747533,77.7072425
1.64575E+12,37.42075392,-122.1747432,47.46285886
1.64575E+12,37.42078883,-122.1748066,58.14756085
1.64575E+12,37.42077359,-122.174736,79.526886
1.64575E+12,37.42082107,-122.1746366,17.0581082
1.64575E+12,37.42065953,-122.1748375,71.97508471
1.64575E+12,37.42080739,-122.174899,99.42702319
1.64575E+12,37.42076203,-122.1748344,67.95083028
1.64575E+12,37.42074368,-122.1750321,30.81587996
1.64575E+12,37.4207444,-122.1749457,23.07190746
1.64575E+12,37.42075166,-122.1749454,57.14355291
1.64575E+12,37.4207312,-122.174974,47.27370052
1.64575E+12,37.42071209,-122.1750375,52.70572584
1.64575E+12,37.42066262,-122.1751941,43.47560305
1.64575E+12,37.42059717,-122.1751062,27.31753029
1.64575E+12,37.42054451,-122.1752469,39.39656265
1.64575E+12,37.4206471,-122.1751635,67.72822727
1.64575E+12,37.42054249,-122.1751326,37.84115609
1.64575E+12,37.42046099,-122.1753053,78.57371859
1.64575E+12,37.42044314,-122.1752703,71.90754209
1.64575E+12,37.42048132,-122.1753173,54.25500875
1.64575E+12,37.42053927,-122.1753809,55.42872109
1.64575E+12,37.42046898,-122.1754402,52.62767877
1.64575E+12,37.42043954,-122.1753828,36.99635411
1.64575E+12,37.42046695,-122.175406,42.31156481
1.64575E+12,37.42046755,-122.175543,48.56697769
1.64575E+12,37.42049974,-122.1754537,27.55184464
1.64575E+12,37.42047855,-122.1758286,73.83100467
1.64575E+12,37.42049478,-122.1755836,42.49121508
1.64575E+12,37.42044148,-122.1756696,50.9022412
1.64575E+12,37.42046245,-122.1756772,34.68115321
1.64575E+12,37.42048683,-122.1755553,48.2775517
1.64575E+12,37.42045568,-122.1754758,49.98502872
1.64575E+12,37.42038465,-122.1758364,51.99785022
1.64575E+12,37.4204188,-122.1757119,56.74844729
1.64575E+12,37.42041499,-122.1758354,50.20683041
1.64575E+12,37.42041117,-122.1758687,58.73944222
1.64575E+12,37.42037962,-122.1759875,55.47884354
1.64575E+12,37.42048967,-122.1758512,53.34098264
1.64575E+12,37.42035119,-122.1759961,47.17612317
1.64575E+12,37.42041136,-122.1759697,47.76961113
1.64575E+12,37.42040397,-122.1759964,50.13177553
1.64575E+12,37.42040552,-122.1760555,41.59273631
1.64575E+12,37.42035771,-122.176196,38.3642601
1.64575E+12,37.42042779,-122.1759396,20.03670325
1.64575E+12,37.42038935,-122.1760401,35.97689598
1.64575E+12,37.42039336,-122.1761321,43.86039711
1.64575E+12,37.42046226,-122.176225,59.19724319
1.64575E+12,37.42048333,-122.1761834,57.84749587
1.64575E+12,37.42038304,-122.1762722,48.03692065
1.64575E+12,37.42032604,-122.1763043,24.37317242
1.64575E+12,37.4204572,-122.1763413,58.1619309
1.64575E+12,37.42032434,-122.1764433,23.56203231
1.64575E+12,37.42050632,-122.1763512,74.23947366
1.64575E+12,37.42032608,-122.1763253,83.33537079
1.64575E+12,37.42052602,-122.1764154,61.09037421
1.64575E+12,37.42050808,-122.1764495,85.71812265
1.64575E+12,37.42048717,-122.1766621,71.45565776
1.64575E+12,37.42052961,-122.1766012,92.53856259
1.64575E+12,37.42041497,-122.1766799,49.76114381
1.64575E+12,37.42051847,-122.1766169,63.56325177
1.64575E+12,37.4206503,-122.1766278,84.00485515
1.64575E+12,37.4206196,-122.1766648,84.73213148
1.64575E+12,37.42043044,-122.1767605,30.37891748
1.64575E+12,37.42052614,-122.1767719,42.88590009
1.64575E+12,37.42065605,-122.1767735,59.76376485
1.64575E+12,37.42058951,-122.1768195,45.68367335
1.64575E+12,37.42067056,-122.1768248,43.96284907
1.64575E+12,37.42066231,-122.1768876,52.80610689
1.64575E+12,37.42077948,-122.1767657,75.64927826
1.64575E+12,37.42071722,-122.1769211,64.64684376
1.64575E+12,37.4208272,-122.176873,77.41323286
1.64575E+12,37.42085641,-122.1768602,103.9012698
1.64575E+12,37.42066131,-122.1769025,53.23501856
1.64575E+12,37.42081879,-122.1769196,87.9251693
1.64575E+12,37.42080294,-122.1770678,43.7406961
1.64575E+12,37.42073653,-122.1770723,56.98313074
1.64575E+12,37.42087359,-122.1770185,80.32008761
1.64575E+12,37.42081564,-122.1771261,52.78751433
1.64575E+12,37.42083665,-122.1771782,55.67465473
1.64575E+12,37.42094057,-122.1772095,62.37258777
1.64575E+12,37.42093477,-122.1771766,66.89105229
1.64575E+12,37.42088281,-122.177264,47.7469979
1.64575E+12,37.42108435,-122.1772179,64.57016992
1.64575E+12,37.42101996,-122.1773036,56.50928993
1.64575E+12,37.42101925,-122.1772695,74.32650624
1.64575E+12,37.42107053,-122.1772474,85.66927265
1.64575E+12,37.4210403,-122.1773017,71.58853821
1.64575E+12,37.42102008,-122.1774195,47.02747014
1.64575E+12,37.42110561,-122.1774227,57.393792
1.64575E+12,37.42112276,-122.1774562,38.83955569
1.64575E+12,37.42107947,-122.1775061,37.76479522
1.64575E+12,37.42105434,-122.1776166,32.59968906
1.64575E+12,37.42106562,-122.1776312,30.53965183
1.64575E+12,37.42096116,-122.1777788,27.41153306
1.64575E+12,37.42098015,-122.1776966,42.83929228
1.64575E+12,37.4210586,-122.177683,42.83001872
1.64575E+12,37.42110971,-122.177713,59.85367391
1.64575E+12,37.42108317,-122.1777758,33.20110079
1.64575E+12,37.42105963,-122.1777972,37.5843915
1.64575E+12,37.42104816,-122.177943,61.65311423
1.64575E+12,37.42115868,-122.1778208,58.51751568
1.64575E+12,37.42114766,-122.1779308,39.03523339
1.64575E+12,37.42114683,-122.1779251,54.81102061
1.64575E+12,37.42122504,-122.1779913,54.26777505
1.64575E+12,37.42121295,-122.1780607,40.43391086
1.64575E+12,37.42124339,-122.1780558,41.76600829
1.64575E+12,37.42127821,-122.1780364,66.78727455
1.64575E+12,37.42132542,-122.1781509,62.93266581
1.64575E+12,37.42145975,-122.1780957,51.69513456
1.64575E+12,37.42131928,-122.1780983,50.60137481
1.64575E+12,37.42125953,-122.178195,43.66235685
1.64575E+12,37.42130511,-122.1780337,31.30190358
1.64575E+12,37.42148358,-122.1780924,57.31938517
1.64575E+12,37.42148474,-122.1781246,33.60286865
1.64575E+12,37.42152102,-122.1780426,40.56123438
1.64575E+12,37.42157657,-122.1781011,53.89958607
1.64575E+12,37.42158109,-122.1781214,33.87034653
1.64575E+12,37.42160003,-122.1781018,51.93217123
1.64575E+12,37.42156842,-122.1781437,42.66907275
1.64575E+12,37.42166148,-122.1781636,45.03771614
1.64575E+12,37.42163543,-122.1781279,38.47050394
1.64575E+12,37.4217556,-122.1781453,24.04523175
1.64575E+12,37.42177037,-122.178085,39.93733805
1.64575E+12,37.42172842,-122.1781589,38.10534258
1.64575E+12,37.42180995,-122.1780206,56.94311709
1.64575E+12,37.42183151,-122.1780824,43.86075331
1.64575E+12,37.42185719,-122.1782389,30.59110259
1.64575E+12,37.42184634,-122.1781105,48.49252273
1.64575E+12,37.42190659,-122.1780167,59.37865413
1.64575E+12,37.42188818,-122.1781374,50.15366141
1.64575E+12,37.42187457,-122.1781704,32.15136372
1.64575E+12,37.42195887,-122.1780214,52.84162274
1.64575E+12,37.4219425,-122.1780917,50.85435933
1.64575E+12,37.42205,-122.1780026,70.96584798
1.64575E+12,37.42207745,-122.1779802,64.87988727
1.64575E+12,37.4220447,-122.1779997,57.15203508
1.64575E+12,37.42209984,-122.1778016,77.47324737
1.64575E+12,37.42203451,-122.1780048,56.20668527
1.64575E+12,37.422139,-122.1779777,59.61723508
1.64575E+12,37.42215921,-122.1780292,61.4262956
1.64575E+12,37.42215945,-122.1780841,63.43997638
1.64575E+12,37.42220648,-122.1779366,68.08519944
1.64575E+12,37.42223052,-122.1780088,59.4211705
1.64575E+12,37.4222895,-122.1780443,58.70787299
1.64575E+12,37.42237002,-122.1780602,56.76787443
1.64575E+12,37.4223059,-122.1779643,75.83937135
1.64575E+12,37.42246392,-122.1779489,43.70011271
1.64575E+12,37.4224987,-122.1780047,40.25112832
1.64575E+12,37.42246086,-122.1779727,51.04374184
1.64575E+12,37.42250972,-122.1780379,48.87017718
1.64575E+12,37.42257951,-122.1780096,60.1338938
1.64575E+12,37.4225106,-122.1779856,41.78766569
1.64575E+12,37.42259541,-122.1780324,44.90615783
1.64575E+12,37.42267458,-122.1779888,45.88083482
1.64575E+12,37.42273464,-122.1779648,33.90349096
1.64575E+12,37.42273742,-122.1780612,36.94811663
1.64575E+12,37.42272191,-122.1780957,46.36885606
1.64575E+12,37.42276904,-122.1780903,35.96517689
1.64575E+12,37.42282867,-122.1780945,43.41888565
1.64575E+12,37.42283352,-122.1781338,34.71146614
1.64575E+12,37.42283428,-122.178083,43.0019506
1.64575E+12,37.4228701,-122.178145,36.16411974
1.64575E+12,37.42289698,-122.1780462,50.55416129
1.64575E+12,37.42290966,-122.1779918,46.3407508
1.64575E+12,37.42296335,-122.1780482,47.78318367
1.64575E+12,37.42299412,-122.1780004,34.20740354
1.64575E+12,37.42308486,-122.1781279,38.76080112
1.64575E+12,37.42310997,-122.1780599,42.06271868
1.64575E+12,37.42310785,-122.1780799,37.20095845
1.64575E+12,37.42312396,-122.1780529,38.09057014
1.64575E+12,37.42318425,-122.1780116,34.9294655
1.64575E+12,37.42319404,-122.1780868,34.90410266
1.64575E+12,37.42321343,-122.1780977,36.58864236
1.64575E+12,37.42324288,-122.1780788,37.52962976
1.64575E+12,37.42328121,-122.1781255,33.14745878
1.64575E+12,37.42331058,-122.1780569,40.219385
1.64575E+12,37.42337896,-122.1781039,26.6121166
1.64575E+12,37.42339558,-122.1781227,32.84173483
1.64575E+12,37.42340751,-122.178073,39.28836131
1.64575E+12,37.42343978,-122.1779949,45.10342812
1.64575E+12,37.42341007,-122.1780881,33.23613016
1.64575E+12,37.42347471,-122.1781415,27.31026571
1.64575E+12,37.42359704,-122.1780152,42.1195401
1.64575E+12,37.42356513,-122.17804,42.30798551
1.64575E+12,37.42356763,-122.1780726,38.91592519
1.64575E+12,37.42361683,-122.1781282,33.22115039
1.64575E+12,37.42366275,-122.1780798,27.63490752
1.64575E+12,37.42363704,-122.1781937,28.03696194
1.64575E+12,37.42371253,-122.1780617,41.17464048
1.64575E+12,37.42372901,-122.1781133,30.32689639
1.64575E+12,37.42376799,-122.1780689,35.72868067
1.64575E+12,37.4237767,-122.1779964,38.78651422
1.64575E+12,37.4237771,-122.1781233,38.46415214
1.64575E+12,37.4238163,-122.1780238,42.81080346
1.64575E+12,37.42378541,-122.1780209,47.10212779
1.64575E+12,37.423853,-122.1780208,41.47061464
1.64575E+12,37.42394999,-122.1779934,25.31341204
1.64575E+12,37.42387567,-122.1780587,32.08806468
1.64575E+12,37.42393945,-122.1779811,37.84148798
1.64575E+12,37.42395552,-122.1779545,43.53840512
1.64575E+12,37.42400253,-122.1779657,28.6726756
1.64575E+12,37.42398169,-122.1779179,40.64952547
1.64575E+12,37.42405424,-122.1779314,33.59515682
1.64575E+12,37.42404073,-122.1778881,43.02530459
1.64575E+12,37.4240922,-122.1778873,22.47112217
1.64575E+12,37.42401453,-122.1778411,47.10869256
1.64575E+12,37.42411799,-122.1777593,43.03856458
1.64575E+12,37.42410874,-122.1778125,48.0550057
1.64575E+12,37.42415535,-122.1778357,38.13662588
1.64575E+12,37.42417313,-122.1777872,39.42029155
1.64575E+12,37.42416856,-122.1777562,34.66176709
1.64575E+12,37.42420473,-122.1777887,43.43877395
1.64575E+12,37.4242194,-122.177654,38.63860355
1.64575E+12,37.42426827,-122.1775847,38.67918522
1.64575E+12,37.42417836,-122.1775982,46.28888686
1.64575E+12,37.42425639,-122.1775913,40.86254854
1.64575E+12,37.42434066,-122.1775984,27.13337025
1.64575E+12,37.4243241,-122.1775685,51.54634369
1.64575E+12,37.42434039,-122.1774171,41.9866392
1.64575E+12,37.42438939,-122.1774508,42.94906492
1.64575E+12,37.42436734,-122.1773999,48.5537265
1.64575E+12,37.42440178,-122.1774004,33.79090197
1.64575E+12,37.42437503,-122.1774096,42.2301675
1.64575E+12,37.42443658,-122.1773079,40.76836164
1.64575E+12,37.42445418,-122.1773234,40.76904643
1.64575E+12,37.42446706,-122.1772452,42.35241114
1.64575E+12,37.42447403,-122.1772351,47.39453973
1.64575E+12,37.42449764,-122.1772155,44.99890993
1.64575E+12,37.42450721,-122.177267,43.67503308
1.64575E+12,37.42452599,-122.1771234,48.94641838
1.64575E+12,37.42454479,-122.1772135,41.88392875
1.64575E+12,37.42456176,-122.1771813,30.61172846
1.64575E+12,37.42450203,-122.1769742,56.5069552
1.64575E+12,37.42458184,-122.1770954,36.80263167
1.64575E+12,37.42460346,-122.1770641,42.48810849
1.64575E+12,37.42452591,-122.1771001,49.66899498
1.64575E+12,37.42454905,-122.1769515,45.05099425
1.64575E+12,37.42455973,-122.1768433,50.65909957
1.64575E+12,37.4245713,-122.1768057,43.65315308
1.64575E+12,37.42459654,-122.1767554,53.72223613
1.64575E+12,37.42451705,-122.1767592,37.62733355
1.64575E+12,37.42446848,-122.1768121,36.42065534
1.64575E+12,37.42452816,-122.1767616,47.83259436
1.64575E+12,37.42443431,-122.1767312,51.52094946
1.64575E+12,37.42449575,-122.1766545,55.96854365
1.64575E+12,37.42454251,-122.1769177,50.4908849
1.64575E+12,37.42448228,-122.1766652,44.73402945
1.64575E+12,37.42446476,-122.1765969,44.05193319
1.64575E+12,37.42432696,-122.1765515,54.27603345
1.64575E+12,37.42440073,-122.1765433,46.64794669
1.64575E+12,37.42443762,-122.1764961,42.64704765
1.64575E+12,37.42436274,-122.1763674,56.30064076
1.64575E+12,37.42435212,-122.1763915,41.46556896
1.64575E+12,37.42433303,-122.1763087,56.7310961
1.64575E+12,37.42437607,-122.1762239,55.32405283
1.64575E+12,37.42432567,-122.1763074,47.05894747
1.64575E+12,37.4243977,-122.1763006,46.08636338
1.64575E+12,37.42434933,-122.1762558,40.54988053
1.64575E+12,37.42433018,-122.1762716,31.57475854
1.64575E+12,37.42427623,-122.1762064,42.64955502
1.64575E+12,37.42425623,-122.1761844,45.43058042
1.64575E+12,37.42424683,-122.1760782,47.07942694
1.64575E+12,37.42428619,-122.1760937,36.11734453
1.64575E+12,37.42425699,-122.176108,48.66912011
1.64575E+12,37.42425534,-122.1760583,39.89316894
1.64575E+12,37.42421167,-122.1760503,38.29288343
1.64575E+12,37.42426279,-122.1759559,29.65830727
1.64575E+12,37.42416208,-122.1758479,51.73186259
1.64575E+12,37.42410688,-122.1758612,51.22901361
1.64575E+12,37.4241326,-122.1757692,51.68687417
1.64575E+12,37.42417366,-122.1758403,43.44484196
1.64575E+12,37.4240236,-122.1757521,46.91801698
1.64575E+12,37.42402725,-122.1756259,66.47747334
1.64575E+12,37.42407767,-122.1755145,60.02767082
1.64575E+12,37.42407525,-122.1754904,61.8977303
1.64575E+12,37.42404805,-122.1755388,56.01840713
1.64575E+12,37.42407169,-122.1757188,48.34693441
1.64575E+12,37.42398794,-122.1756105,52.82460103
1.64575E+12,37.42405202,-122.1755551,35.94951025
1.64575E+12,37.42400148,-122.175598,27.09021217
1.64575E+12,37.42407026,-122.1753903,36.17232632
1.64575E+12,37.4239199,-122.1752224,55.30969386
1.64575E+12,37.42393041,-122.1753252,49.96187692
1.64575E+12,37.42388933,-122.1753019,57.115314
1.64575E+12,37.42388643,-122.1752233,54.9539004
1.64575E+12,37.42395035,-122.1754116,38.4649895
1.64575E+12,37.4239294,-122.1753744,41.50054665
1.64575E+12,37.42382071,-122.1752632,45.92645663
1.64575E+12,37.42387625,-122.1752588,40.84935164
1.64575E+12,37.42381957,-122.1751925,41.6978651
1.64575E+12,37.4238045,-122.1752709,37.20941659
1.64575E+12,37.42379705,-122.1751481,30.46423989
1.64575E+12,37.4238543,-122.1752182,15.74247143
1.64575E+12,37.42375067,-122.1750057,53.37524178
1.64575E+12,37.4237735,-122.1751695,33.90773718
1.64575E+12,37.42377065,-122.1749442,52.40314594
1.64575E+12,37.42373984,-122.1750511,44.12696168
1.64575E+12,37.42376238,-122.1749408,38.69992773
1.64575E+12,37.4237567,-122.1749719,41.90623047
1.64575E+12,37.42370805,-122.1748395,48.10483287
1.64575E+12,37.42363517,-122.174925,28.17757034
1.64575E+12,37.42371537,-122.1749455,44.2897675
1.64575E+12,37.4236633,-122.1748632,48.24802125
1.64575E+12,37.42359841,-122.1748167,41.39244292
1.64575E+12,37.42364112,-122.1746495,47.47330006
1.64575E+12,37.4235763,-122.1745947,53.08990292
1.64575E+12,37.42361053,-122.1747491,45.07133898
1.64575E+12,37.42360816,-122.1746839,42.90601058
1.64575E+12,37.42362676,-122.1745904,34.86704635
1.64575E+12,37.42355881,-122.1746048,43.41891144
1.64575E+12,37.42349758,-122.1744773,50.38575576
1.64575E+12,37.4234787,-122.1744582,42.34995816
1.64575E+12,37.42350885,-122.1744503,41.61328132
1.64575E+12,37.42343315,-122.1744418,47.7042346
1.64575E+12,37.42354589,-122.1744904,30.55247765
1.64575E+12,37.42348104,-122.1743492,51.91937992
1.64575E+12,37.42341982,-122.1741239,62.65670704
1.64575E+12,37.42336908,-122.1742164,50.45554639
1.64575E+12,37.42342699,-122.1743191,45.41097201
1.64575E+12,37.42344162,-122.1743249,39.81200461
1.64575E+12,37.42334061,-122.1740704,43.70409782
1.64575E+12,37.42328482,-122.1741257,25.9847647
1.64575E+12,37.42333896,-122.1741834,13.97639589
1.64575E+12,37.42330179,-122.1740108,24.0540542
1.64575E+12,37.42328166,-122.1740768,32.28023627
1.64575E+12,37.423348,-122.174075,43.05481658
1.64575E+12,37.42322837,-122.1739329,73.2255736
1.64575E+12,37.42336029,-122.1738262,75.48041317
1.64575E+12,37.42328803,-122.1739369,55.32428416
1.64575E+12,37.42319163,-122.1739592,37.12406081
1.64575E+12,37.42321816,-122.1738854,47.95164904
1.64575E+12,37.4232362,-122.1739229,50.88239186
1.64575E+12,37.42317841,-122.1739406,32.77387059
1.64575E+12,37.42317286,-122.1738578,33.72095084
1.64575E+12,37.42314185,-122.1738042,24.02126032
1.64575E+12,37.4231801,-122.1738327,33.65170474
1.64575E+12,37.42298067,-122.1737696,35.78225617
1.64575E+12,37.42312661,-122.1738376,52.62113396
1.64575E+12,37.42308406,-122.1738325,44.58330444
1.64575E+12,37.42300072,-122.1738486,45.59068524
1.64575E+12,37.4229941,-122.173833,39.72567521
1.64575E+12,37.42292559,-122.173857,36.2888114
1.64575E+12,37.42297687,-122.1737656,43.1788149
1.64575E+12,37.42297129,-122.1737591,58.22836281
1.64575E+12,37.42281807,-122.1737724,30.67209491
1.64575E+12,37.42288375,-122.1737699,40.98456787
1.64575E+12,37.42283743,-122.173742,42.84971362
1.64575E+12,37.4228006,-122.1738274,31.30358718
1.64575E+12,37.42280654,-122.1737028,38.88588985
1.64575E+12,37.42278577,-122.1737086,40.98668847
1.64575E+12,37.42272127,-122.1737093,43.58234158
1.64575E+12,37.42266329,-122.1736374,41.49614238
1.64575E+12,37.42273769,-122.1736486,62.81392959
1.64575E+12,37.42267141,-122.1737348,47.39046664
1.64575E+12,37.42258161,-122.1737899,43.5139891
1.64575E+12,37.42262682,-122.1737208,33.37481676
1.64575E+12,37.42257191,-122.173782,40.00385341
1.64575E+12,37.42250121,-122.173819,30.47642094
1.64575E+12,37.42250844,-122.1737675,35.81523726
1.64575E+12,37.42244803,-122.1738659,29.75062059
1.64575E+12,37.42250348,-122.1738698,53.04238703
1.64575E+12,37.42236985,-122.173872,26.41385394
1.64575E+12,37.42252959,-122.1738502,41.22962559
1.64575E+12,37.42238092,-122.1738834,38.03579986
1.64575E+12,37.42219321,-122.1739222,12.75962701
1.64575E+12,37.42227154,-122.1738328,17.43052388
1.64575E+12,37.4222643,-122.1738167,28.29332053
1.64575E+12,37.42241749,-122.1739448,73.27765748
1.64575E+12,37.42217378,-122.173984,43.04461164
1.64575E+12,37.42219048,-122.1739107,30.2436558
1.64575E+12,37.42224827,-122.173988,60.23928336
1.64575E+12,37.42208542,-122.1738886,47.13839002
1.64575E+12,37.42205681,-122.1740367,38.54612773
1.64575E+12,37.42199388,-122.1738357,18.50125405
1.64575E+12,37.42201867,-122.1740382,59.32637006
1.64575E+12,37.42200086,-122.173902,39.04207474
1.64575E+12,37.42196392,-122.1740072,39.61816547
1.64575E+12,37.42190812,-122.1739132,42.14378111
1.64575E+12,37.42198624,-122.1739974,39.33399304
1.64575E+12,37.42184192,-122.1738899,37.91867313
1.64575E+12,37.42184581,-122.1738889,27.9185301
1.64575E+12,37.42182228,-122.1739431,40.71657135
1.64575E+12,37.42175813,-122.1738486,40.35983947
1.64575E+12,37.42187568,-122.1738341,38.71648809
1.64575E+12,37.4216834,-122.1740065,30.50793626
1.64575E+12,37.42166756,-122.1739726,50.87295167
1.64575E+12,37.42159926,-122.1737622,20.29901179
1.64575E+12,37.42165234,-122.1738069,36.10740513
1.64575E+12,37.42164766,-122.1738824,39.48196732
1.64575E+12,37.4215993,-122.1738545,36.5025569
1.64575E+12,37.4215862,-122.1738673,44.15070324
1.64575E+12,37.42156607,-122.1738497,31.7961582
1.64575E+12,37.42154242,-122.1738041,38.57147158
1.64575E+12,37.42144318,-122.1739485,44.61022289
1.64575E+12,37.42159043,-122.1738247,47.54489066
1.64575E+12,37.42150422,-122.1739011,55.13400979
1.64575E+12,37.42141018,-122.173854,62.75057576
1.64575E+12,37.42134019,-122.1739965,33.89069349
1.64575E+12,37.42135322,-122.1739716,35.44862515
1.64575E+12,37.42137268,-122.1739187,33.19675687
1.64575E+12,37.42125817,-122.1739563,56.72087015
1.64575E+12,37.42125034,-122.1739356,63.62954918
1.64575E+12,37.42132365,-122.1739376,28.24789516
1.64575E+12,37.42095776,-122.174023,9.028747229
1.64575E+12,37.42123247,-122.174069,58.11299389
1.64575E+12,37.42116005,-122.1739804,39.81704999
1.64575E+12,37.42112686,-122.1740672,39.06801656
1.64575E+12,37.4211509,-122.1741604,73.68462874
1.64575E+12,37.42119442,-122.1741156,70.82326952
1.64575E+12,37.42110842,-122.1740626,26.56982939
1.64575E+12,37.42115291,-122.1739748,31.05123451
1.64575E+12,37.42099825,-122.174284,47.43994143
1.64575E+12,37.42106496,-122.1742151,26.57076657
1.64575E+12,37.42106978,-122.1741528,26.86273761
1.64575E+12,37.42109494,-122.1743831,51.8112916
1.64575E+12,37.42112694,-122.1743286,68.73650488
1.64575E+12,37.42093309,-122.1743319,33.12336484
1.64575E+12,37.42088253,-122.1742962,20.04980317
1.64575E+12,37.42095571,-122.1744289,33.16745912
1.64575E+12,37.42091812,-122.1743032,15.69293608
1.64575E+12,37.42084994,-122.1745852,56.34012123
1.64575E+12,37.42095013,-122.1744016,82.72570651
1.64575E+12,37.4208259,-122.174586,53.30259337
1.64575E+12,37.42074663,-122.1746342,34.08991533
1.64575E+12,37.42081411,-122.174548,26.08116644
1.64575E+12,37.42078848,-122.1745641,3.331142027
1.64575E+12,37.42087779,-122.1745305,19.3778423
1.64575E+12,37.42073584,-122.1746802,39.31037927
1.64575E+12,37.42075193,-122.1747135,-11.79617256
1.64575E+12,37.42090994,-122.1746492,50.37925952
1.64575E+12,37.42074806,-122.1746928,43.05646018
1.64575E+12,37.42079373,-122.1747683,40.6975571
1.64575E+12,37.42058066,-122.174867,-49.19671676
1.64575E+12,37.42056634,-122.1749989,-15.32319485
1.64575E+12,37.42075031,-122.1747223,39.48666115
1.64575E+12,37.42083849,-122.174774,105.3456928
1.64575E+12,37.42069837,-122.1748606,5.736747324
1.64575E+12,37.42066046,-122.1749532,-4.470334115
1.64575E+12,37.42060052,-122.1749909,-22.1739138
1.64575E+12,37.42066214,-122.1751946,-5.944406482
1.64575E+12,37.42066669,-122.1751192,15.00063089
1.64575E+12,37.42071676,-122.1750812,30.06928697
1.64575E+12,37.4205044,-122.175155,-0.943682376
1.64575E+12,37.42061758,-122.1751014,27.24552925
1.64575E+12,37.42052775,-122.175189,15.0693476
1.64575E+12,37.42054472,-122.1751837,14.23335941
1.64575E+12,37.42050181,-122.1752416,-14.55656976
1.64575E+12,37.4205038,-122.1751858,23.49712241
1.64575E+12,37.42056803,-122.1752539,31.60730041
1.64575E+12,37.42040037,-122.1752475,16.78808576
1.64575E+12,37.42051732,-122.1752678,39.82776501
1.64575E+12,37.42041384,-122.1753384,36.66449578
1.64575E+12,37.42053629,-122.1753325,38.49807963
1.64575E+12,37.42046834,-122.1754207,28.13890778
1.64575E+12,37.42052403,-122.1754475,42.31960183
1.64575E+12,37.42050422,-122.1755905,53.20841895
1.64575E+12,37.42047948,-122.1755292,39.9135867
1.64575E+12,37.42048011,-122.1755114,28.54605241
1.64575E+12,37.42055525,-122.1754873,48.64594752
1.64575E+12,37.4204676,-122.1755472,40.873245
1.64575E+12,37.42042211,-122.1756835,22.74019857
1.64575E+12,37.42033423,-122.175649,36.2720631
1.64575E+12,37.42027666,-122.1757233,24.22450255
1.64575E+12,37.4202874,-122.1757361,27.66498495
1.64575E+12,37.42023397,-122.1758122,31.06100742
1.64575E+12,37.42021206,-122.1758922,52.60506297
1.64575E+12,37.42017238,-122.1757903,37.77187629
1.64575E+12,37.42022236,-122.1758117,60.63961097
1.64575E+12,37.42033887,-122.1757637,54.69381722
1.64575E+12,37.4201312,-122.1757838,48.88169733
1.64575E+12,37.42009683,-122.1758608,45.16136711
1.64575E+12,37.42015457,-122.1758342,41.81139782
1.64575E+12,37.42013215,-122.1757637,67.05057991
1.64575E+12,37.42014435,-122.1757564,55.80111208
1.64575E+12,37.42004841,-122.1757432,26.60007555
1.64575E+12,37.42002599,-122.1757132,38.24936838
1.64575E+12,37.42003494,-122.1756625,33.71516989
1.64575E+12,37.41992655,-122.1756457,30.22406759
1.64575E+12,37.42002768,-122.1756967,31.02003334
1.64575E+12,37.41998362,-122.1755859,54.84961385
1.64575E+12,37.41986368,-122.1756957,27.16673093
1.64575E+12,37.41978803,-122.1755862,40.06205364
1.64575E+12,37.41983305,-122.1756706,48.54224941
1.64575E+12,37.41976645,-122.1756272,64.43359495
1.64575E+12,37.41987868,-122.1757483,62.30211744
1.64575E+12,37.4197874,-122.1755613,56.28301535
1.64575E+12,37.41963714,-122.1758048,35.47046546
1.64575E+12,37.41971445,-122.1757141,33.54095669
1.64575E+12,37.41972185,-122.1757272,40.05992261
1.64575E+12,37.41969135,-122.175636,55.98013161
1.64575E+12,37.41965319,-122.1755355,48.41043551
1.64575E+12,37.41963139,-122.1755861,56.47525312
1.64575E+12,37.41965797,-122.1755816,34.50371692
1.64575E+12,37.41967358,-122.1755066,52.64143348
1.64575E+12,37.41954987,-122.1755108,43.88271648
1.64575E+12,37.41957453,-122.1754344,49.7067523
1.64575E+12,37.41949987,-122.1755795,67.53302814
1.64575E+12,37.41949706,-122.1755052,53.42504911
1.64575E+12,37.4195413,-122.175479,64.52566719
1.64575E+12,37.41938947,-122.175284,63.79380379
1.64575E+12,37.4194499,-122.1753389,45.5004818
1.64575E+12,37.41948512,-122.1753672,50.93039816
1.64575E+12,37.41940132,-122.1752358,46.2900493
1.64575E+12,37.41949999,-122.1751961,40.57830716
1.64575E+12,37.41950978,-122.1752528,29.90326043
1.64575E+12,37.41941252,-122.175156,48.06829844
1.64575E+12,37.41945773,-122.1751186,34.09485658
1.64575E+12,37.4194305,-122.1750512,51.57318147
1.64575E+12,37.41932068,-122.1750528,46.88360534
1.64575E+12,37.41940756,-122.1749256,45.33547219
1.64575E+12,37.41932763,-122.1749794,47.88501444
1.64575E+12,37.4193617,-122.1748111,59.22914231
1.64575E+12,37.41945319,-122.1749182,46.16663026
1.64575E+12,37.41933066,-122.174866,34.46021002
1.64575E+12,37.41929739,-122.1747425,47.95452311
1.64575E+12,37.41928449,-122.1748276,51.7292293
1.64575E+12,37.4192119,-122.1747644,47.04113935
1.64575E+12,37.41935997,-122.1746929,8.686284013
1.64575E+12,37.41929205,-122.1746458,60.9715355
1.64575E+12,37.41925791,-122.17445,50.69663125
1.64575E+12,37.41920133,-122.1746482,19.93870804
1.64575E+12,37.4190961,-122.174286,60.52333358
1.64575E+12,37.4191532,-122.1745064,16.50643252
1.64575E+12,37.41917562,-122.1743765,32.18339306
1.64575E+12,37.41920178,-122.174272,53.6430054
1.64575E+12,37.41934623,-122.1743955,48.78882728
1.64575E+12,37.41925635,-122.1743412,44.32402578
1.64575E+12,37.41923873,-122.174285,41.58888626
1.64575E+12,37.41923342,-122.1741068,56.10120579
1.64575E+12,37.41918049,-122.1742235,24.09102557
1.64575E+12,37.41912612,-122.1743253,22.59970071
1.64575E+12,37.41920767,-122.1741526,44.64846383
1.64575E+12,37.41916337,-122.1741035,34.40061211
1.64575E+12,37.41920679,-122.1741409,43.27750676
1.64575E+12,37.419166,-122.1738952,50.66824061
1.64575E+12,37.41922469,-122.1740741,32.59272293
1.64575E+12,37.41909686,-122.1738961,55.38325923
1.64575E+12,37.41926044,-122.1740759,62.47316722
1.64575E+12,37.4191105,-122.1739513,26.49396144
1.64575E+12,37.41920443,-122.1739069,46.28416533
1.64575E+12,37.41917365,-122.1737914,41.32014365
1.64575E+12,37.41918657,-122.1738478,37.95683255
1.64575E+12,37.41912149,-122.1737831,34.18651688
1.64575E+12,37.41914011,-122.173707,24.66362105
1.64575E+12,37.41905875,-122.1735601,7.65170069
1.64575E+12,37.4192596,-122.1736793,49.82566924
1.64575E+12,37.41900822,-122.1736417,14.59212992
1.64575E+12,37.41913506,-122.1736421,27.36515669
1.64575E+12,37.41919937,-122.1734789,44.36198763
1.64575E+12,37.41910151,-122.1736418,29.73646427
1.64575E+12,37.41912474,-122.1734317,37.40695
1.64575E+12,37.41900589,-122.173372,-8.244185794
1.64575E+12,37.41921521,-122.173446,39.54279316
1.64575E+12,37.41910966,-122.1733053,30.65252239
1.64575E+12,37.41909233,-122.1730766,-0.013654737
1.64575E+12,37.41909188,-122.1732459,-8.198084559
1.64575E+12,37.41909096,-122.1733737,23.98243947
1.64575E+12,37.41916485,-122.1730877,18.47764803
1.64575E+12,37.41910255,-122.1731328,-0.299519495
1.64575E+12,37.4191018,-122.1731303,27.53710153
1.64575E+12,37.41912304,-122.173062,29.82000007
1.64575E+12,37.41911862,-122.1730467,23.70248375
1.64575E+12,37.41913596,-122.1730294,43.86792317
1.64575E+12,37.41916281,-122.1729059,43.18598244
1.64575E+12,37.41918589,-122.1728609,33.65618917
1.64575E+12,37.41924608,-122.1728863,30.611762
1.64575E+12,37.4191822,-122.1727399,38.52033863
1.64575E+12,37.41918115,-122.1727523,43.47495613
1.64575E+12,37.41913523,-122.1727756,11.74809605
1.64575E+12,37.41914706,-122.1726932,46.19823491
1.64575E+12,37.41928659,-122.1726612,45.12858751
1.64575E+12,37.41920553,-122.1727005,54.6894736
1.64575E+12,37.41924704,-122.172628,13.91886867
1.64575E+12,37.41918584,-122.1726204,24.23497198
1.64575E+12,37.41920507,-122.1725178,16.92873065
1.64575E+12,37.41945031,-122.1725143,19.36828674
1.64575E+12,37.41926294,-122.1724219,54.98998464
1.64575E+12,37.41932622,-122.1724036,48.90773792
1.64575E+12,37.41918058,-122.1724716,15.16438809
1.64575E+12,37.41918343,-122.1723083,11.88955622
1.64575E+12,37.41928975,-122.1723066,19.89173304
1.64575E+12,37.41928,-122.1723193,53.62389069
1.64575E+12,37.41920836,-122.1720896,33.0468888
1.64575E+12,37.41916083,-122.1722485,27.89101979
1.64575E+12,37.41914743,-122.171941,14.88104302
1.64575E+12,37.4193034,-122.1720983,49.55993286
1.64575E+12,37.41928858,-122.171917,26.57499172
1.64575E+12,37.4193056,-122.1721078,49.54245186
1.64575E+12,37.41920806,-122.1719608,6.574756932
1.64575E+12,37.41931326,-122.1718971,27.57857681
1.64575E+12,37.4192423,-122.1720387,49.90061842
1.64575E+12,37.41937121,-122.1719114,39.68896541
1.64575E+12,37.41922836,-122.1717672,9.007309722
1.64575E+12,37.41930684,-122.1718033,22.9671437
1.64575E+12,37.41937308,-122.1717126,25.11863954
1.64575E+12,37.41924796,-122.1717459,5.291725664
1.64575E+12,37.41929454,-122.1717719,5.4937136
1.64575E+12,37.4192068,-122.1716896,5.214455089
1.64575E+12,37.41928366,-122.1715751,27.32053031
1.64575E+12,37.41933463,-122.1714553,22.82660661
1.64575E+12,37.41937765,-122.1715573,26.18910436
1.64575E+12,37.41937676,-122.171487,17.33891168
1.64575E+12,37.41936722,-122.1714879,12.65036351
1.64575E+12,37.41951994,-122.1714216,58.1728708
1.64575E+12,37.41942003,-122.1714582,39.69946729
1.64575E+12,37.4195078,-122.1714371,17.15015939
1.64575E+12,37.41945444,-122.1712759,41.05007335
1.64575E+12,37.41939952,-122.1712782,18.10189223
1.64575E+12,37.41945287,-122.1712271,26.73096286
1.64575E+12,37.41938518,-122.1711906,19.51551299
1.64575E+12,37.41958896,-122.1713038,31.74520286
1.64575E+12,37.4194932,-122.171089,21.87771133
1.64575E+12,37.4194761,-122.1710228,29.72253329
1.64575E+12,37.41945307,-122.1711983,-4.93687064
1.64575E+12,37.41943801,-122.1710944,-3.26283809
1.64575E+12,37.41934583,-122.1712218,-68.23550961
1.64575E+12,37.41945286,-122.1710386,-61.27502953
1.64575E+12,37.41946349,-122.1709771,-5.66485988
1.64575E+12,37.41948984,-122.170703,16.46291438
1.64575E+12,37.41953075,-122.170989,15.26599504
1.64575E+12,37.41960136,-122.1708527,26.38921105
1.64575E+12,37.41955047,-122.1709186,63.3086097
1.64575E+12,37.41960892,-122.1708578,79.79594716
1.64575E+12,37.41963256,-122.1708588,44.13565974
1.64575E+12,37.4196778,-122.1705803,26.14735465
1.64575E+12,37.41966775,-122.1706178,39.85746291
1.64575E+12,37.41967303,-122.1706935,27.03364332
1.64575E+12,37.41963982,-122.1706574,5.836136941
1.64575E+12,37.41972203,-122.1706099,30.99908192
1.64575E+12,37.41958249,-122.1704347,18.95226512
1.64575E+12,37.41957111,-122.1703586,17.84343702
1.64575E+12,37.41963511,-122.1703198,22.10544011
1.64575E+12,37.41982816,-122.1703986,21.20105457
1.64575E+12,37.41970179,-122.1703085,20.38437387
1.64575E+12,37.4198183,-122.1704171,31.2977142
1.64575E+12,37.41982743,-122.1703464,20.05950478
1.64575E+12,37.41984023,-122.1702848,19.80724961
1.64575E+12,37.41990952,-122.1701667,17.5394847
1.64575E+12,37.41981439,-122.1701499,16.53037512
1.64575E+12,37.41981201,-122.1702717,20.98514941
1.64575E+12,37.41978435,-122.1700996,9.068797798
1.64575E+12,37.41988244,-122.1700392,25.99062215
1.64575E+12,37.41999711,-122.1702068,25.56488646
1.64575E+12,37.41994878,-122.1702004,-30.38139432
1.64575E+12,37.41989381,-122.1701227,13.87562879
1.64575E+12,37.41998157,-122.1700634,18.54294707
1.64575E+12,37.41998236,-122.1699914,13.58151307
1.64575E+12,37.42010747,-122.1700747,15.01367219
1.64575E+12,37.4200846,-122.1700228,33.4443465
1.64575E+12,37.4200884,-122.1698314,22.79994516
1.64575E+12,37.42030761,-122.1698996,40.16463236
1.64575E+12,37.42005698,-122.1697398,15.93295397
1.64575E+12,37.42012704,-122.1697252,53.40914718
1.64575E+12,37.42009468,-122.1697692,26.77830166
1.64575E+12,37.42020201,-122.1698455,13.84487019
1.64575E+12,37.42021137,-122.169799,-3.741366901
1.64575E+12,37.42013178,-122.1696923,30.41977465
1.64575E+12,37.420336,-122.1696095,38.16895287
1.64575E+12,37.42030832,-122.1696611,21.48924292
1.64575E+12,37.42024242,-122.1696777,31.86845407
1.64575E+12,37.42035477,-122.1696228,30.14956528
1.64575E+12,37.42043102,-122.1695666,-1.722912738
1.64575E+12,37.42042312,-122.1697094,8.924701681
1.64575E+12,37.42031637,-122.1696052,-12.14112709
1.64575E+12,37.4204418,-122.1695424,15.11799907
1.64575E+12,37.42052921,-122.1695446,39.34509263
1.64575E+12,37.4203727,-122.1695646,-7.538527476
1.64575E+12,37.42043699,-122.1695519,-8.520954047
1.64575E+12,37.42066954,-122.1694951,33.17050502
1.64575E+12,37.42053095,-122.1693708,17.55321274
1.64575E+12,37.42052495,-122.1693155,10.85376202
1.64575E+12,37.42054306,-122.1692599,6.229020059
1.64575E+12,37.42056273,-122.1693376,22.54315476
1.64575E+12,37.42062352,-122.1692571,20.31452542
1.64575E+12,37.42045818,-122.1691492,-3.218743155
1.64575E+12,37.42058144,-122.1692327,34.08680799
1.64575E+12,37.42062003,-122.1691833,28.01809307
1.64575E+12,37.42065635,-122.1692399,23.79056079
1.64575E+12,37.42078035,-122.169254,14.90342156
1.64575E+12,37.42069269,-122.1691653,1.784591964
1.64575E+12,37.42061834,-122.1691282,20.85329462
1.64575E+12,37.42089742,-122.1690621,5.878809409
1.64575E+12,37.4210041,-122.169182,24.20584107
1.64575E+12,37.42096013,-122.1690494,41.83646899
1.64575E+12,37.4208967,-122.1692031,72.47347731
1.64575E+12,37.42087838,-122.1692227,77.04568889
1.64575E+12,37.42096596,-122.1690512,41.06233
1.64575E+12,37.42101204,-122.1689608,25.28918062
1.64575E+12,37.42111608,-122.1690031,52.41135165
1.64575E+12,37.42107992,-122.1690181,43.08468791
1.64575E+12,37.42107501,-122.1689095,47.95018505
1.64575E+12,37.42116329,-122.1689368,53.32993316
1.64575E+12,37.42107183,-122.1688501,34.93067432
1.64575E+12,37.42118564,-122.1688797,16.75935853
1.64575E+12,37.42116,-122.1689596,15.74291321
1.64575E+12,37.42118906,-122.1685761,40.33807808
1.64575E+12,37.421169,-122.1687255,27.39512687
1.64575E+12,37.42114206,-122.1686607,30.50079667
1.64575E+12,37.42108733,-122.1686399,14.82996758
1.64575E+12,37.42121891,-122.1687472,26.86691988
1.64575E+12,37.42131225,-122.1686938,29.59947597
1.64575E+12,37.42128918,-122.1686845,23.63093042
1.64575E+12,37.42130039,-122.1686984,51.17233329
1.64575E+12,37.42126518,-122.1686681,10.0479906
1.64575E+12,37.42137393,-122.1686067,24.25333547
1.64575E+12,37.42128051,-122.1685298,22.91704234
1.64575E+12,37.42136473,-122.1686103,5.125934219
1.64575E+12,37.42141974,-122.1686141,11.54176
1.64575E+12,37.42142471,-122.1684688,27.8025379
1.64575E+12,37.42155448,-122.168484,31.51743092
1.64575E+12,37.42144222,-122.1686337,2.364345472
1.64575E+12,37.42159733,-122.1685843,40.87836412
1.64575E+12,37.42164899,-122.1684708,22.4440258
1.64575E+12,37.4215817,-122.1683916,18.67177553
1.64575E+12,37.4216799,-122.168261,24.73225947
1.64575E+12,37.42153229,-122.1683177,16.4796826
1.64575E+12,37.42163645,-122.168354,19.41936985
1.64575E+12,37.42168376,-122.1682986,40.07198611
1.64575E+12,37.42156847,-122.1680949,31.65134019
1.64575E+12,37.42163717,-122.1682046,19.83115845
1.64575E+12,37.4216216,-122.168134,41.79334589
1.64575E+12,37.42172153,-122.1681986,25.73644251
1.64575E+12,37.4216651,-122.1680357,42.30034057
1.64575E+12,37.42165371,-122.1681901,39.32873069
1.64575E+12,37.42168118,-122.1681189,53.89088953
1.64575E+12,37.42189061,-122.1681123,22.34779632
1.64575E+12,37.42177241,-122.1680029,24.99128669
1.64575E+12,37.42174808,-122.1680083,39.09488297
1.64575E+12,37.42191117,-122.1679727,41.09430547
1.64575E+12,37.42190158,-122.1679902,34.86790785
1.64575E+12,37.42184892,-122.1678983,24.20056316
1.64575E+12,37.42193115,-122.1678094,32.94454986
1.64575E+12,37.421948,-122.1677339,58.97766016
1.64575E+12,37.42191959,-122.1677809,41.52658536
1.64575E+12,37.42197607,-122.1677607,55.04869186
1.64575E+12,37.42194303,-122.1677472,34.33452677
1.64575E+12,37.42201567,-122.1677566,7.690986946
1.64575E+12,37.42201713,-122.1676509,41.49707996
1.64575E+12,37.42207537,-122.167611,45.63222003
1.64575E+12,37.42200292,-122.1675986,25.14096463
1.64575E+12,37.42213466,-122.1676654,40.0269201
1.64575E+12,37.42199995,-122.1675688,36.77865073
1.64575E+12,37.42218749,-122.1676589,52.57802705
1.64575E+12,37.42211925,-122.1675846,33.70612835
1.64575E+12,37.42211906,-122.1675126,38.22302669
1.64575E+12,37.42204451,-122.167476,0.936560677
1.64575E+12,37.42214225,-122.1673663,13.96992314
1.64575E+12,37.42213329,-122.1673011,26.04647432
1.64575E+12,37.42221834,-122.1673463,28.21155184
1.64575E+12,37.42216885,-122.1674174,16.92755586
1.64575E+12,37.42216457,-122.1672444,21.92529674
1.64575E+12,37.42212893,-122.1672676,4.483745087
1.64575E+12,37.42211105,-122.1671484,14.4990727
1.64575E+12,37.42218537,-122.167169,8.998987548
1.64575E+12,37.42221832,-122.1671135,18.14521933
1.64575E+12,37.42213994,-122.1670632,5.790271913
1.64575E+12,37.42226385,-122.1670387,20.99596963
1.64575E+12,37.42234548,-122.1669674,29.11928713
1.64575E+12,37.42231074,-122.1670311,12.74719014
1.64575E+12,37.42231573,-122.1669534,20.3090383
1.64575E+12,37.42246215,-122.1670699,26.61727771
1.64575E+12,37.42239419,-122.166974,31.56309498
1.64575E+12,37.42246075,-122.1667968,41.26038352
1.64575E+12,37.42242335,-122.1668888,18.71429427
1.64575E+12,37.42251907,-122.166838,18.64696347
1.64575E+12,37.42250193,-122.1668052,30.54962997
1.64575E+12,37.42251355,-122.1668307,31.71671482
1.64575E+12,37.42254258,-122.1667293,33.0567351
1.64575E+12,37.42256437,-122.1667376,30.60024663
1.64575E+12,37.42251974,-122.1666968,12.71189364
1.64575E+12,37.42253504,-122.1666,24.33308647
1.64575E+12,37.42257937,-122.1667031,24.12479944
1.64575E+12,37.42265986,-122.1665934,33.36801535
1.64575E+12,37.42254089,-122.1666046,27.8371959
1.64575E+12,37.42256928,-122.1665239,38.5412501
1.64575E+12,37.42256084,-122.1664912,26.83407279
1.64575E+12,37.42269051,-122.1663969,48.26611796
1.64575E+12,37.42267003,-122.1664927,47.80064831
1.64575E+12,37.4226611,-122.1665448,59.13917314
1.64575E+12,37.42272156,-122.1664863,28.22723984
1.64575E+12,37.42259821,-122.1664336,42.40078854
1.64575E+12,37.42271253,-122.166313,36.80669282
1.64575E+12,37.42281167,-122.1662284,29.27469606
1.64575E+12,37.422927,-122.1661597,17.57878409
1.64575E+12,37.42286474,-122.1663191,20.21966987
1.64575E+12,37.42275737,-122.166167,16.8434333
1.64575E+12,37.42275927,-122.1661107,19.45169124
1.64575E+12,37.42293309,-122.1661446,34.98154711
1.64575E+12,37.42280221,-122.1658994,32.95225757
1.64575E+12,37.42293303,-122.1659074,49.32162506
1.64575E+12,37.42301845,-122.1659946,46.36813325
1.64575E+12,37.42282609,-122.1659582,13.80507691
1.64575E+12,37.42294229,-122.1659524,23.118933
1.64575E+12,37.42284872,-122.1658738,19.6721519
1.64575E+12,37.42291312,-122.1658446,25.81674109
1.64575E+12,37.42302338,-122.1659084,11.34606487
1.64575E+12,37.42295849,-122.165827,23.63779199
1.64575E+12,37.42303117,-122.1657882,24.47331561
1.64575E+12,37.42303835,-122.1658584,24.332397
1.64575E+12,37.42302031,-122.1657749,25.42878766
1.64575E+12,37.42300942,-122.165709,46.14872564
1.64575E+12,37.42293456,-122.165693,35.28027833
1.64575E+12,37.42296102,-122.165612,12.21199615
1.64575E+12,37.42300399,-122.1656652,32.58500189
1.64575E+12,37.42303967,-122.1656313,27.27663182
1.64575E+12,37.42314511,-122.1654788,52.03253545
1.64575E+12,37.42301387,-122.165432,52.24344543
1.64575E+12,37.42301667,-122.1654312,41.92954436
1.64575E+12,37.42306567,-122.1654743,43.28363961
1.64575E+12,37.42299346,-122.1653956,36.27439153
1.64575E+12,37.42305347,-122.1652724,32.59765914
1.64575E+12,37.42314521,-122.1653214,33.5467364
1.64575E+12,37.42309004,-122.1652152,30.13692708
1.64575E+12,37.42308802,-122.1653661,34.4462596
1.64575E+12,37.42312069,-122.1652777,27.60020877
1.64575E+12,37.4231068,-122.1652393,42.07542565
1.64575E+12,37.42305519,-122.1653338,34.22309441
1.64575E+12,37.42299325,-122.165165,49.41367709
1.64575E+12,37.42298562,-122.1651701,47.86886118
1.64575E+12,37.42291621,-122.1652255,35.89456184
1.64575E+12,37.42288695,-122.1652108,15.26548293
1.64575E+12,37.42288426,-122.1652504,1.376977556
1.64575E+12,37.42282926,-122.1650329,23.32723961
1.64575E+12,37.42279967,-122.1649938,19.66241598
1.64575E+12,37.42277297,-122.1650317,-3.35513011
1.64575E+12,37.42279121,-122.1650909,5.755565121
1.64575E+12,37.42285995,-122.1649918,21.37034976
1.64575E+12,37.42274682,-122.165031,14.3036663
1.64575E+12,37.42271733,-122.1649337,12.42234009
1.64575E+12,37.42272596,-122.164863,19.61802441
1.64575E+12,37.42268847,-122.1649467,27.15967674
1.64575E+12,37.42263809,-122.1647692,31.66948112
1.64575E+12,37.42271062,-122.1648477,18.75939961
1.64575E+12,37.42260993,-122.1647654,14.75638051
1.64575E+12,37.42263076,-122.1647176,23.95101216
1.64575E+12,37.42254426,-122.1647672,-0.722454977
1.64575E+12,37.42264954,-122.1646083,20.60681111
1.64575E+12,37.42261975,-122.1646345,6.245181809
1.64575E+12,37.42263242,-122.1645896,6.324354811
1.64575E+12,37.42252005,-122.1645154,15.72327661
1.64575E+12,37.42268177,-122.1645783,33.65051853
1.64575E+12,37.42262426,-122.1644534,19.97463063
1.64575E+12,37.42253857,-122.1645327,24.88765738
1.64575E+12,37.42255665,-122.1644675,27.71446581
1.64575E+12,37.42255722,-122.1643983,23.75149244
1.64575E+12,37.42263976,-122.1643541,20.34420774
1.64575E+12,37.42249288,-122.164343,12.29405553
1.64575E+12,37.42249822,-122.1642907,15.48650647
1.64575E+12,37.42255407,-122.1643879,5.851919903
1.64575E+12,37.42249094,-122.1641387,31.40916206
1.64575E+12,37.42241476,-122.1642875,20.76444802
1.64575E+12,37.42242331,-122.1640611,14.02018493
1.64575E+12,37.42239983,-122.1641334,-0.323547577
1.64575E+12,37.42247333,-122.1640193,25.24411584
1.64575E+12,37.42240245,-122.1639894,16.65840167
1.64575E+12,37.42227367,-122.1639373,0.125128943
1.64575E+12,37.42240288,-122.1641416,-18.24614568
1.64575E+12,37.42235688,-122.1639117,3.125340245
1.64575E+12,37.42236464,-122.1638385,17.95963723
1.64575E+12,37.42230513,-122.1638562,2.340327432
1.64575E+12,37.42231402,-122.1638515,-0.216408781
1.64575E+12,37.42228996,-122.1638544,7.169167142
1.64575E+12,37.42234427,-122.1637815,23.61778025
1.64575E+12,37.42234392,-122.1637432,20.88883775
1.64575E+12,37.42234408,-122.1637248,15.6849124
1.64575E+12,37.42243861,-122.1637046,14.35030947
1.64575E+12,37.42228558,-122.1635744,18.22889496
1.64575E+12,37.42226797,-122.1636143,-1.790638916
1.64575E+12,37.4222471,-122.1634575,18.93495775
1.64575E+12,37.42224226,-122.1635536,2.019979084
1.64575E+12,37.42225811,-122.1636303,28.81255943
1.64575E+12,37.42224525,-122.1633822,8.002029481
1.64575E+12,37.42227315,-122.1635009,6.206681094
1.64575E+12,37.42225656,-122.1633757,11.35390924
1.64575E+12,37.42231866,-122.1633203,17.24878579
1.64575E+12,37.42226448,-122.1632784,21.36814823
1.64575E+12,37.42239845,-122.1631776,14.93679895
1.64575E+12,37.422256,-122.1631469,30.79828556
1.64575E+12,37.42228186,-122.1631747,28.97239447
1.64575E+12,37.42228381,-122.1630757,18.87456299
1.64575E+12,37.42225825,-122.163004,29.33506211
1.64575E+12,37.42228701,-122.1631755,13.04819354
1.64575E+12,37.42232843,-122.1630795,23.56251007
1.64575E+12,37.42222847,-122.1630173,15.05974046
1.64575E+12,37.42231045,-122.1628527,31.42674764
1.64575E+12,37.42225732,-122.1628884,19.45135193
1.64575E+12,37.42221246,-122.1628639,8.051032247
1.64575E+12,37.42220813,-122.1627739,15.16111421
1.64575E+12,37.4222381,-122.1627181,13.95901207
1.64575E+12,37.42226475,-122.1627822,21.42784722
1.64575E+12,37.42220301,-122.1626367,37.20291426
1.64575E+12,37.42222346,-122.162857,9.136029436
1.64575E+12,37.42233996,-122.1627352,9.616129264
1.64575E+12,37.42220687,-122.1626572,7.475043106
1.64575E+12,37.42216879,-122.162597,2.977506066
1.64575E+12,37.42218737,-122.1625479,7.181441222
1.64575E+12,37.42225277,-122.1625132,29.83533364
1.64575E+12,37.4220689,-122.1626225,-28.38944162
1.64575E+12,37.42232119,-122.1624261,9.549541341
1.64575E+12,37.4224562,-122.162336,-4.122678019
1.64575E+12,37.42240759,-122.1623252,26.1388559
1.64575E+12,37.42225574,-122.1623175,28.79048384
1.64575E+12,37.42220313,-122.1622291,32.15663122
1.64575E+12,37.42221166,-122.1622321,22.39175868
1.64575E+12,37.4222609,-122.1622445,22.26963109
1.64575E+12,37.42228394,-122.162183,21.61889916
1.64575E+12,37.42226275,-122.1621231,17.53902038
1.64575E+12,37.42228389,-122.1620693,19.25228939
1.64575E+12,37.42226324,-122.1619184,26.90749065
1.64575E+12,37.42233601,-122.1620491,12.0486028
1.64575E+12,37.42231667,-122.1620271,8.591982733
1.64575E+12,37.42230168,-122.1619152,20.39587154
1.64575E+12,37.42228336,-122.161926,27.823829
1.64575E+12,37.42233332,-122.1618019,35.7600882
1.64575E+12,37.42232442,-122.1617617,22.04483248
1.64575E+12,37.42233537,-122.1618246,12.0276439
1.64575E+12,37.42247165,-122.1617284,22.16844146
1.64575E+12,37.42244994,-122.1617054,20.26075215
1.64575E+12,37.42243792,-122.1617306,25.53979262
1.64575E+12,37.42240049,-122.161723,1.50693186
1.64575E+12,37.42241444,-122.1616212,5.782178086
1.64575E+12,37.42238795,-122.1617259,-0.736872852
1.64575E+12,37.42242339,-122.1616439,8.057092393
1.64575E+12,37.42243534,-122.1615052,12.72545238
1.64575E+12,37.42243117,-122.1614879,22.7035366
1.64575E+12,37.42245635,-122.1614541,16.29740141
1.64575E+12,37.42244968,-122.1613775,10.91153748
1.64575E+12,37.42248587,-122.161362,11.65451322
1.64575E+12,37.42250887,-122.1614192,21.86596247
1.64575E+12,37.42248237,-122.1612992,3.652742613
1.64575E+12,37.42250005,-122.1613784,21.8436543
1.64575E+12,37.42252539,-122.1613525,15.8000007
1.64575E+12,37.42260889,-122.1611562,10.09441265
1.64575E+12,37.42263212,-122.1612134,5.409776198
1.64575E+12,37.42254936,-122.1611829,24.19004325
1.64575E+12,37.42263443,-122.1611449,25.91356634
1.64575E+12,37.42256765,-122.1611776,24.6179534
1.64575E+12,37.42270569,-122.1611556,9.556583697
1.64575E+12,37.42266003,-122.161178,18.3942824
1.64575E+12,37.42276032,-122.1611128,10.82239126
1.64575E+12,37.42278159,-122.1611109,13.35634982
1.64575E+12,37.42279438,-122.1610389,1.520364728
1.64575E+12,37.42274616,-122.1611119,16.14069618
1.64575E+12,37.42275035,-122.1609731,25.53238626
1.64575E+12,37.42281574,-122.1610645,42.78408652
1.64575E+12,37.42285941,-122.1610052,25.68569173
1.64575E+12,37.42295225,-122.160911,1.878624011
1.64575E+12,37.4228832,-122.1609373,9.18994655
1.64575E+12,37.42290522,-122.1609286,13.10655269
1.64575E+12,37.42291238,-122.1609013,16.36631568
1.64575E+12,37.42293121,-122.1607935,-1.075646641
1.64575E+12,37.42289826,-122.1607858,20.78073372
1.64575E+12,37.42294784,-122.1607786,7.246854761
1.64575E+12,37.42307158,-122.1608479,14.8124946
1.64575E+12,37.42308411,-122.160742,12.19961536
1.64575E+12,37.42325391,-122.1606798,24.94768239
1.64575E+12,37.42334448,-122.1607627,18.66416298
1.64575E+12,37.42312465,-122.1607066,16.47673181
1.64575E+12,37.42328434,-122.160691,12.7945017
1.64575E+12,37.42330789,-122.1606565,14.18082024
1.64575E+12,37.42339751,-122.1605978,33.5652454
1.64575E+12,37.42337835,-122.1606112,6.779663417
1.64575E+12,37.42339543,-122.1606274,5.625790942
1.64575E+12,37.42335446,-122.1606061,26.75788241
1.64575E+12,37.42327482,-122.160563,9.326317477
1.64575E+12,37.42337978,-122.1606402,11.34735829
1.64575E+12,37.42347735,-122.1606503,5.030253193
1.64575E+12,37.42347684,-122.1605349,26.7552753
1.64575E+12,37.42353032,-122.1605879,25.58319772
1.64575E+12,37.42355659,-122.1605705,12.23871987
1.64575E+12,37.42359302,-122.1605131,5.53337727
1.64575E+12,37.42367424,-122.1605914,28.93093049
1.64575E+12,37.42349352,-122.1605494,13.94818242
1.64575E+12,37.42360872,-122.1604913,27.65385423
1.64575E+12,37.42361916,-122.1605483,10.48306214
1.64575E+12,37.4241147,-122.1605327,67.15578405
1.64575E+12,37.42369904,-122.1605452,6.073371691
1.64575E+12,37.42375251,-122.1605267,3.935444347
1.64575E+12,37.42377667,-122.1604842,12.93618101
1.64575E+12,37.42373021,-122.1604818,15.44823511
1.64575E+12,37.4237688,-122.1604994,9.875082245
1.64575E+12,37.42381946,-122.1604296,20.6093333
1.64575E+12,37.42383196,-122.1604694,9.505715661
1.64575E+12,37.42385082,-122.1604578,4.690679274
1.64575E+12,37.42392035,-122.1604599,3.678133314
1.64575E+12,37.42396133,-122.1604158,-1.857730604
1.64575E+12,37.42399355,-122.1604097,21.90050938
1.64575E+12,37.42397566,-122.1603704,2.853778888
1.64575E+12,37.42414553,-122.1604143,13.78510273
1.64575E+12,37.42409416,-122.1603873,19.98309822
1.64575E+12,37.42404888,-122.1604076,3.525690175
1.64575E+12,37.42407619,-122.1603256,7.392010137
1.64575E+12,37.42415055,-122.1603335,8.797779177
1.64575E+12,37.4241647,-122.1603061,23.96946545
1.64575E+12,37.424079,-122.1602372,-2.044406288
1.64575E+12,37.42424586,-122.1602769,9.767974376
1.64575E+12,37.42435747,-122.1601963,12.50921791
1.64575E+12,37.42431548,-122.1601451,27.80517113
1.64575E+12,37.42427935,-122.1601888,10.41101202
1.64575E+12,37.42436377,-122.1601316,28.40723775
1.64575E+12,37.42418111,-122.1601884,35.09729595
1.64575E+12,37.42430389,-122.1601296,0.695211024
1.64575E+12,37.42432761,-122.1600219,1.871666378
1.64575E+12,37.42419246,-122.1601061,9.777588001
1.64575E+12,37.42427593,-122.1601131,27.27326781
1.64575E+12,37.42425714,-122.1600688,14.67165689
1.64575E+12,37.42415649,-122.160003,4.217466536
1.64575E+12,37.42427538,-122.1599465,29.65596215
1.64575E+12,37.42429208,-122.159907,30.71586582
1.64575E+12,37.42416449,-122.1598967,9.189764754
1.64575E+12,37.42421172,-122.1599496,28.79343071
1.64575E+12,37.42427544,-122.1598407,23.36126793
1.64575E+12,37.4242163,-122.1597419,42.87597658
1.64575E+12,37.42414712,-122.1598685,18.26104454
1.64575E+12,37.42426271,-122.1597728,76.83176647
1.64575E+12,37.42415237,-122.1597182,53.58919973
1.64575E+12,37.42428552,-122.1597738,93.86722596
1.64575E+12,37.42430204,-122.1597591,100.3153142
1.64575E+12,37.42421934,-122.1597101,51.40886703
1.64575E+12,37.42414738,-122.1595079,47.90874913
1.64575E+12,37.42428863,-122.1595396,104.9576533
1.64575E+12,37.42419178,-122.1595794,76.78166539
1.64575E+12,37.42417735,-122.1594517,40.97663551
1.64575E+12,37.42429977,-122.1595018,54.69830229
1.64575E+12,37.42435476,-122.1595544,81.15252656
1.64575E+12,37.42419205,-122.1594377,30.87409913
1.64575E+12,37.42421531,-122.1593857,27.87186736
1.64575E+12,37.42410004,-122.1593698,13.59819788
1.64575E+12,37.42403935,-122.1592621,9.394250399
1.64575E+12,37.4240903,-122.1594014,29.28799339
1.64575E+12,37.42414782,-122.1591942,26.23684039
1.64575E+12,37.42404504,-122.1592116,14.6206943
1.64575E+12,37.4240391,-122.1591388,11.14723107
1.64575E+12,37.42411465,-122.1591028,22.8081394
1.64575E+12,37.42405983,-122.159075,14.39263977
1.64575E+12,37.42406543,-122.1589323,10.85438762
1.64575E+12,37.42407025,-122.1589218,17.93820081
1.64575E+12,37.42416058,-122.158887,29.59864184
1.64575E+12,37.42400083,-122.1588505,2.189793356
1.64575E+12,37.42411139,-122.1588353,18.61306972
1.64575E+12,37.42417295,-122.1587906,38.90513397
1.64575E+12,37.42417167,-122.1587136,20.3159335
1.64575E+12,37.4240955,-122.1586756,16.39542041
1.64575E+12,37.42399499,-122.1586266,16.10264097
1.64575E+12,37.42399551,-122.1586293,8.517473718
1.64575E+12,37.42390416,-122.1586264,22.32608525
1.64575E+12,37.42389384,-122.1586834,8.446478895
1.64575E+12,37.4239382,-122.158608,10.36383986
1.64575E+12,37.4239858,-122.158612,26.82664616
1.64575E+12,37.42381208,-122.1585253,10.84715717
1.64575E+12,37.42386537,-122.1586235,31.31582922
1.64575E+12,37.42384437,-122.1584021,9.167632489
1.64575E+12,37.42381269,-122.158466,23.44496839
1.64575E+12,37.42374263,-122.1582954,-11.48210761
1.64575E+12,37.42379074,-122.1583476,4.442875766
1.64575E+12,37.42369483,-122.1581873,-4.791307654
1.64575E+12,37.42378609,-122.1582211,15.34779215
1.64575E+12,37.42373081,-122.1582048,-2.695601581
1.64575E+12,37.42378187,-122.1581259,24.84634447
1.64575E+12,37.42383631,-122.1582172,37.7300986
1.64575E+12,37.42384105,-122.1581983,28.3678992
1.64575E+12,37.42399181,-122.1580808,17.03391591
1.64575E+12,37.42399404,-122.1581001,24.527366
1.64575E+12,37.42376933,-122.1581123,8.823371512
1.64575E+12,37.42394043,-122.1580162,14.59654934
1.64575E+12,37.4240848,-122.1578914,56.76058048
1.64575E+12,37.42435499,-122.1578397,77.3544475
1.64575E+12,37.42420113,-122.1578665,62.38275087
1.64575E+12,37.42426651,-122.1578692,17.00752348
1.64575E+12,37.42411948,-122.1579242,13.66996287
1.64575E+12,37.42411789,-122.1577498,23.89611419
1.64575E+12,37.42399942,-122.1577213,23.93569671
1.64575E+12,37.42412545,-122.1578044,13.56920462
1.64575E+12,37.42417627,-122.1577598,11.09651674
1.64575E+12,37.42417458,-122.1577439,8.671484869
1.64575E+12,37.42406915,-122.1577343,22.24447383
1.64575E+12,37.42402144,-122.1575942,33.48305708
1.64575E+12,37.42404724,-122.1576752,23.42850323
1.64575E+12,37.42408066,-122.1577176,16.47393124
1.64575E+12,37.42410675,-122.1578093,50.74382663
1.64575E+12,37.42420964,-122.1577068,14.43994519
1.64575E+12,37.42415138,-122.157801,35.23972204
1.64575E+12,37.42411147,-122.1578804,17.5206527
1.64575E+12,37.42408602,-122.1576703,27.85214061
1.64575E+12,37.42417468,-122.1577799,52.58748715
1.64575E+12,37.42417088,-122.1578011,68.46713423
1.64575E+12,37.42411577,-122.1578715,66.20052678
1.64575E+12,37.42411642,-122.157804,64.15768247
1.64575E+12,37.42412805,-122.157943,83.02869847
1.64575E+12,37.42412533,-122.1579057,85.21750689
1.64575E+12,37.42408247,-122.1577145,92.23780631
1.64575E+12,37.42423635,-122.1582515,217.3123186
1.64575E+12,37.42418669,-122.1580667,140.0562903
1.64575E+12,37.42404647,-122.157956,26.26104449
1.64575E+12,37.42410213,-122.1579765,0.649847106
1.64575E+12,37.42442264,-122.1582861,418.9500005
1.64575E+12,37.42420084,-122.1579117,13.8374998
1.64575E+12,37.42417577,-122.1579652,78.18714259
1.64575E+12,37.42395787,-122.1575842,-181.9207503
1.64575E+12,37.42417597,-122.1578205,-14.79603647
1.64575E+12,37.42416888,-122.1576771,0.126767548
1.64575E+12,37.42415287,-122.1576456,10.32123024
1.64575E+12,37.42405599,-122.1577859,-49.28454146
1.64575E+12,37.42411037,-122.1576876,-9.079588484
1.64575E+12,37.42421719,-122.1577452,-0.174828254
1.64575E+12,37.42405449,-122.1579541,-54.34997322
1.64575E+12,37.42416656,-122.1576909,81.8484638
1.64575E+12,37.42402094,-122.1578708,47.17399508
1.64575E+12,37.42410656,-122.1577532,17.10326417
1.64575E+12,37.42414122,-122.1578029,10.41249953
1.64575E+12,37.42410183,-122.1579078,16.54923454
1.64575E+12,37.4241339,-122.1578929,35.24047241
1.64575E+12,37.42430491,-122.1577489,139.5308084
1.64575E+12,37.42421327,-122.1578867,42.29696384
1.64575E+12,37.42408192,-122.157873,11.69823343
1.64575E+12,37.42419068,-122.1575618,25.05747857
1.64575E+12,37.42409433,-122.157838,15.37957882
1.64575E+12,37.42412437,-122.1575546,38.4268047
1.64575E+12,37.42414021,-122.1575286,35.7927944
1.64575E+12,37.42414655,-122.1575779,18.63199919
1.64575E+12,37.42406955,-122.1576242,20.51886264
1.64575E+12,37.42418169,-122.1576021,17.70514575
1.64575E+12,37.42410762,-122.1577914,19.00637196
1.64575E+12,37.42420489,-122.1578383,29.77649589
1.64575E+12,37.42407868,-122.1577319,42.29000681
1.64575E+12,37.4241787,-122.1578771,42.50148297
1.64575E+12,37.42426661,-122.1577188,67.51419989
1.64575E+12,37.42419308,-122.1579066,65.25201999
1.64575E+12,37.42419747,-122.1579649,66.99687898
1.64575E+12,37.4243176,-122.1577859,69.82503537
1.64575E+12,37.42409093,-122.1577736,26.54243691
1.64575E+12,37.42413017,-122.157801,35.38946375
1.64575E+12,37.42426355,-122.1577713,40.15066244
1.64575E+12,37.42417691,-122.1578555,38.60753604
1.64575E+12,37.42418032,-122.1578212,33.27875943
1.64575E+12,37.42417061,-122.157876,3.341776771
1.64575E+12,37.42414024,-122.1577888,38.2158869
1.64575E+12,37.42431023,-122.1578181,-3.628262037
1.64575E+12,37.42414236,-122.1579292,53.04230201
1.64575E+12,37.42423794,-122.1578326,30.18640088
1.64575E+12,37.4241577,-122.1579551,28.36127675
1.64575E+12,37.42424454,-122.1578626,28.80400986
1.64575E+12,37.42399586,-122.1578619,66.36375697
1.64575E+12,37.42417538,-122.1578054,-17.85024752
1.64575E+12,37.42413053,-122.1579654,22.66024913
1.64575E+12,37.42421527,-122.1578069,63.94695646
1.64575E+12,37.42403812,-122.1580465,31.03231336
1.64575E+12,37.42418616,-122.1577505,14.38472322
1.64575E+12,37.4241279,-122.1578103,15.67753598
1.64575E+12,37.42422327,-122.1576708,25.56281204
1.64575E+12,37.42406983,-122.1578728,21.47845823
1.64575E+12,37.42404764,-122.1578391,13.30944809
1.64575E+12,37.42412365,-122.1578441,15.38229256
1.64575E+12,37.4240604,-122.1579619,46.19655697
1.64575E+12,37.42415771,-122.157838,9.463723104
1.64575E+12,37.4241902,-122.1579055,-6.309834081
1.64575E+12,37.42427865,-122.1579203,-5.922528077
1.64575E+12,37.42425845,-122.1579013,-13.05164654
1.64575E+12,37.42427852,-122.1578709,-4.705025714
1.64575E+12,37.42434773,-122.1578002,-28.21450508
1.64575E+12,37.42443027,-122.1576484,0.671778287
1.64575E+12,37.42437269,-122.1575797,13.48352287
1.64575E+12,37.42425081,-122.1575589,-5.270639551
1.64575E+12,37.42399087,-122.1577793,24.01024453
1.64575E+12,37.42416378,-122.1577558,-5.309746874
1.64575E+12,37.42408659,-122.1580106,1.470307313
1.64575E+12,37.42412127,-122.1577186,10.83890327
1.64575E+12,37.42406583,-122.1576245,-16.13864745
1.64575E+12,37.42418259,-122.1579007,-57.57028537
1.64575E+12,37.42405709,-122.1576688,23.36339057
1.64575E+12,37.42401482,-122.1579223,69.86313635
1.64575E+12,37.42399616,-122.1578689,40.36643685
1.64575E+12,37.42408235,-122.1578838,40.19270025
1.64575E+12,37.42396881,-122.157854,19.46594384
1.64575E+12,37.42419004,-122.157879,66.75441549
1.64575E+12,37.42416056,-122.1580289,117.0995031
1.64575E+12,37.4241848,-122.158038,68.27713912
1.64575E+12,37.42408274,-122.158112,50.11957912
1.64575E+12,37.42406582,-122.1580926,26.99706869
1.64575E+12,37.42407084,-122.1580363,37.03513138
1.64575E+12,37.42428671,-122.1579353,26.72259791
1.64575E+12,37.42403601,-122.1580686,25.48431542
1.64575E+12,37.42409461,-122.1580057,46.99962659
1.64575E+12,37.42418044,-122.1579915,61.8423928
1.64575E+12,37.42408314,-122.1578897,-3.136729592
1.64575E+12,37.42419671,-122.1577217,-14.12596061
1.64575E+12,37.42415231,-122.1577938,24.56682316
1.64575E+12,37.42416528,-122.1576911,19.11007292
1.64575E+12,37.42417453,-122.1578153,46.3491688
1.64575E+12,37.42421175,-122.1577351,56.70463083
1.64575E+12,37.42407593,-122.1578347,13.14585345
1.64575E+12,37.42419784,-122.1577711,36.44185457
1.64575E+12,37.42417554,-122.1578605,14.19924061
1.64575E+12,37.42423626,-122.1578681,20.4824728
1.64575E+12,37.42415402,-122.1575396,28.037064
1.64575E+12,37.4240725,-122.1581756,-12.27898832
1.64575E+12,37.42395237,-122.1581592,-0.776924048
1.64575E+12,37.42397879,-122.1577894,47.10384774
1.64575E+12,37.42386499,-122.1575919,61.98632229
1.64575E+12,37.4242176,-122.1577898,-12.08961904
1.64575E+12,37.42419153,-122.1577387,58.35791739
1.64575E+12,37.42445865,-122.1571139,111.4063385
1.64575E+12,37.42413581,-122.1579071,19.90097543
1.64575E+12,37.42433427,-122.1582785,-58.86764977
1.64575E+12,37.42421386,-122.1574811,110.1283133
1.64575E+12,37.42442207,-122.1578046,62.83481459
1.64575E+12,37.42406987,-122.1583194,-78.2463293
1.64575E+12,37.4241191,-122.1582727,-60.17292821
1.64575E+12,NaN,NaN,NaN
1.64575E+12,NaN,NaN,NaN
1.64575E+12,NaN,NaN,NaN
1.64575E+12,NaN,NaN,NaN
1.64575E+12,NaN,NaN,NaN
1.64575E+12,NaN,NaN,NaN
1.64575E+12,NaN,NaN,NaN
1.64575E+12,NaN,NaN,NaN
