1645654491442,0,-0,-29.74132031
1645654492442,-4.48728464372678,1.95445887924325,-24.23873731
1645654493442,-7.80628215807597,6.25071687039715,-31.75300392
1645654494442,-11.8864364388016,11.4470692107035,-24.78265255
1645654495442,-8.86836136568632,2.08431219538897,-6.600211461
1645654496442,-8.72675080333,-2.24191194485611,4.802093728
1645654497442,-14.5062318109496,6.32507731595702,0.477829861
1645654498442,-9.42595294678891,5.20967063019325,2.999142651
1645654499442,-5.3369480065449,-1.55047078579439,4.852117976
1645654500442,-14.1699067303844,-2.1941880767043,7.908135194
1645654501442,-6.48753381311244,-10.3127949491771,17.10500152
1645654502442,-16.2144091986198,1.70918039432932,4.435310099
1645654503442,-13.6034644885056,15.4547642779653,-12.62366322
1645654504442,-15.5152070576763,14.075211531525,-16.28199565
1645654505442,-13.8070296700062,1.96000816669614,5.484989821
1645654506442,-13.5680618466588,5.61032915117038,2.413556326
1645654507442,-14.4000238904401,6.99654104176556,7.861670222
1645654508442,-16.4533770219672,10.344980814038,4.458244242
1645654509442,-11.6917219168194,11.0719374104324,-10.58162357
1645654510442,-11.1075783559039,6.48711649617507,1.788590659
1645654511442,-7.1867359553136,20.7898487935534,-21.84870008
1645654512442,-5.02717490579259,7.71461877902393,-17.75678695
1645654513442,11.7536765372214,10.5769410106422,-17.75925967
1645654514442,-2.15956104952101,11.5846915284946,-15.20621527
1645654515442,-12.1342549216674,23.097242325622,-22.41261708
1645654516442,-11.1252796749407,8.45156409204492,9.071366179
1645654517442,-7.67352225775355,6.56147694173494,7.627700839
1645654518442,-12.3909240615361,8.23181232704845,0.379237819
1645654519442,-7.68237291727194,17.892011125391,-12.74469242
1645654520442,-2.89416583608451,25.1593573727766,-12.65147136
1645654521442,-1.34530032477646,12.4059860037021,0.709623741
1645654522442,0.0885066002149451,11.2916891754289,0.404369008
1645654523442,3.45175741718711,14.7089401058083,-6.974694738
1645654524442,8.84180938210012,21.4746308084603,2.039217212
1645654525442,10.9394158124769,23.2903575132104,-6.81927246
1645654526442,12.1962095408117,23.6000077270576,0.925699735
1645654527442,18.9935164546764,26.3424653591568,-12.90405292
1645654528442,20.2857128210847,34.0171292716743,-10.90384843
1645654529442,20.347667440229,42.2988851810671,-12.81182559
1645654530442,23.7728728776032,41.5441821505627,-10.64675748
1645654531442,25.7023167658107,42.0957812776407,-11.04672763
1645654532442,29.2071781451392,42.4420567855226,-13.34322002
1645654533442,34.7122886925956,47.9003354731015,-9.854777674
1645654534442,37.5090972651735,53.0345357994557,-20.44738196
1645654535442,37.5710518843177,54.481789847301,-6.59950773
1645654536442,45.9260749690089,53.5528392049708,-3.975986068
1645654537442,49.7672614263871,54.0211990265643,-8.884528776
1645654538442,47.9440254574314,57.8080324713391,-12.13465645
1645654539442,51.7940625781012,59.9356291049176,-1.977045732
1645654540442,53.3871813857435,65.2007926041195,-3.764792778
1645654541442,55.5555930947829,64.8389790921582,-7.2710809
1645654542442,60.7332292211925,71.4348616129466,-6.12703819
1645654543442,61.5563406054554,70.3061366388731,-2.081871996
1645654544442,64.2557919170422,73.1018674257884,-5.249859183
1645654545442,65.450631024975,80.0173888778392,-10.62392331
1645654546442,68.1058290364543,80.9529986651129,-23.09859118
1645654547442,73.1772572410966,82.6388720537173,-12.41721265
1645654548442,76.4785534389246,86.3480154804605,-13.51179627
1645654549442,80.8950328002154,87.3613152849772,-15.69449442
1645654550442,85.0194403797908,91.5998606913527,-17.44832755
1645654551442,85.6655385648816,100.485379025149,-21.75205402
1645654552442,85.001739060754,96.1413971666319,-21.7711033
1645654553442,87.3560146335149,104.647344270984,-24.02690356
1645654554442,83.5856334547993,106.731656465584,-18.25745271
1645654555442,88.674762980994,108.548493027036,-9.205979666
1645654556442,88.8163735408348,109.441928233611,-4.790859614
1645654557442,85.6212852660318,114.275357205254,-17.96496665
1645654558442,85.4088694224974,118.251976264357,-5.060052074
1645654559442,86.5683058885833,123.53600734011,-7.915508016
1645654560442,86.408994008448,124.199702064273,-9.089422863
1645654561442,83.3997695923356,127.700192300137,-9.041264532
1645654562442,86.0638182645911,128.580309217613,-13.00582945
1645654563442,83.4882761938083,133.23838071994,-10.25591459
1645654564442,72.9913933824061,141.428018465501,-12.17099301
1645654565442,78.6381144897033,142.927435810672,-7.262061588
1645654566442,78.6558158099979,138.462479495933,-5.399376161
1645654567442,70.4689552674759,142.186051068477,-10.09331646
1645654568442,68.5483620413023,145.416845956211,-1.112825982
1645654569442,64.3354478577388,150.341283234196,2.492399994
1645654570442,59.8835658571166,152.233590099487,-8.439762116
1645654571442,58.8037853304695,153.089290153748,-3.091801181
1645654572442,53.8474157071128,153.266867338045,-3.632181863
1645654573442,49.7672614263871,150.60431943817,0.52835903
1645654574442,48.8998967420167,153.931671919699,4.350750725
1645654575442,45.3507820650963,153.314591206197,9.909980787
1645654576442,38.87209891276,161.792791874862,-1.407141526
1645654577442,37.1373695452769,158.921590784107,-3.583401438
1645654578442,32.0570906786007,156.709644988342,-0.949002232
1645654579442,31.1277713738283,151.693089546526,7.31933396
1645654580442,29.3930420038297,151.629827674295,5.109057629
1645654581442,25.0296666034225,157.975992280207,-2.244289521
1645654582442,18.0907491297169,147.647659327739,-3.064320537
1645654583442,13.2494380838726,146.150461696761,-2.315783798
1645654584442,12.4263267021252,143.947394760132,1.623815179
1645654585442,7.81513281885212,141.928564151955,-1.298265238
1645654586442,10.5588374318042,142.566732156201,4.588910908
1645654587442,7.95674337869293,137.537968282777,7.762683222
1645654588442,1.61082012667906,133.681213821616,2.069040819
1645654589442,0.13275989906467,134.553561737447,4.727898378
1645654590442,-2.54899009222761,129.611366740402,7.180659515
1645654591442,-2.87646451327446,128.480422051347,3.203937699
1645654592442,-8.31962044032884,123.368418872439,6.209215598
1645654593442,-12.1962095395539,123.625905788961,4.023118361
1645654594442,-12.0280470011579,114.739277597674,2.000605217
1645654595442,-15.9400387397143,116.842457368037,8.468999338
1645654596442,-15.692220259364,113.702670787432,2.30977091
1645654597442,-19.2501855970606,110.896951283102,5.505169688
1645654598442,-22.5691831114098,110.348681728495,6.78536085
1645654599442,-24.1446005987575,107.338748462459,2.664310698
1645654600442,-29.4461459659711,104.412054501908,6.145924281
1645654601442,-29.4372953039372,99.7928280085968,-2.76475234
1645654602442,-30.8799528947357,99.9049236056819,8.515827804
1645654603442,-34.4467688919507,95.6630486276232,-2.829607067
1645654604442,-40.128892639837,95.9926762755122,5.042970812
1645654605442,-40.4032631000002,93.0182584468088,6.803042226
1645654606442,-42.1025898268942,92.5210423320375,-0.986204546
1645654607442,-45.6163018657411,86.7342458548488,11.39341465
1645654608442,-47.660804336492,82.2437628194045,-4.278087044
1645654609442,-53.9005196667386,81.3148121770742,4.538499513
1645654610442,-52.1480889777033,80.1339239048866,4.087157634
1645654611442,-58.0160765867956,74.5224848962257,-3.236928264
1645654612442,-55.8122622359094,70.5813812736668,-4.831834298
1645654613442,-58.4409082688335,60.5060958077582,-17.51721592
1645654614442,-61.7510551261798,67.5248339977581,8.063990368
1645654615442,-61.6802498450017,62.5315855608782,7.892519079
1645654616442,-63.5388884545465,57.0921744490619,1.353308515
1645654617442,-63.7867069374123,56.3585587085127,4.936837094
1645654618442,-64.3000452171497,48.9091958484445,1.987351513
1645654619442,-59.4233315344896,49.8470253499107,-0.610928155
1645654620442,-60.2021896199028,44.4864141144052,5.451984754
1645654621442,-61.7068018260724,41.2067855010283,5.68077969
1645654622442,-58.7152787302545,36.2013286325406,2.269067536
1645654623442,-58.8037853317272,34.5432016788349,-0.6222207
1645654624442,-55.9184701564188,34.9938037829449,3.054309481
1645654625442,-56.3964057993404,28.3368791049064,4.457626344
1645654626442,-53.4756879847007,27.6454379458447,0.99178766
1645654627442,-49.0326566435969,24.2814601702813,-7.513827365
1645654628442,-43.5806500570241,19.9152811635298,-3.619528803
1645654629442,-44.828593123325,19.5013043534544,-1.738561639
1645654630442,-38.1374941299697,14.7122696782801,-2.007153921
1645654631442,-37.5799025476094,14.5213742056728,-7.29102817
1645654632442,-33.0660659253274,12.2705834008921,-2.868102815
1645654633442,-31.8977787972076,14.3915208895271,7.793080608
1645654634442,-25.0208159451618,9.62024393262479,-5.702397702
1645654635442,-22.0823968077121,7.90662410912177,0.037768565
1645654636442,-18.5155808130126,11.7356321345955,5.806870046
1645654637442,-10.6119413926878,11.2595033105679,4.387525184
1645654638442,-12.9308143236019,9.2806275688978,-0.515782374
1645654639442,-2.32772359169026,9.3583175861408,2.335864201
1645654640442,-3.12428299362476,9.86108298836502,-7.850657219
1645654641442,-3.03577639592532,15.2671983778298,9.51061002
1645654642442,0.74345544356639,14.3315885905561,0.108775812
1645654643442,5.86798760909232,20.2227116631845,-3.474986837
1645654644442,8.5585882624185,23.073935319897,-0.458493394
1645654645442,13.966341547626,28.1026991941096,-10.04379452
1645654646442,16.3737210800129,26.9717545042664,-1.159606574
1645654647442,18.2766129909229,29.535525095366,-8.505927842
1645654648442,18.4978794927181,37.3833267622188,-8.272136129
1645654649442,18.8253539137649,39.3799602229496,-14.43851624
1645654650442,27.2423316150848,39.7906074605533,-12.91015304
1645654651442,28.091994977903,46.4652898560753,-8.482829602
1645654652442,32.1721492586286,44.6595518687404,-18.96530438
1645654653442,33.2342284637234,54.7414964788039,-13.23624801
1645654654442,37.2347268050103,45.7483219763075,-5.195397965
1645654655442,42.3858109503491,54.5361728596077,-8.782833875
1645654656442,46.5633224920658,54.2908943746938,-10.73600667
1645654657442,44.4834173807259,56.0688859279187,-10.36307078
1645654658442,48.1210386578613,57.7580888882062,-15.0111395
1645654659442,50.1832424489067,63.6148063817811,-8.317571744
1645654660442,54.0509808873556,62.4106111038685,-12.3271732
1645654661442,52.4578620797133,65.9521660637294,2.104294483
1645654662442,58.148836487118,68.0342585433486,-12.31777432
1645654663442,56.5114643793683,73.2117433086809,-2.585098491
1645654664442,63.76900561586,73.1995348770732,-1.153204688
1645654665442,59.6977019959105,72.1573787801673,-9.329536731
1645654666442,68.2031862974454,73.9464689067208,-15.67959965
1645654667442,73.2038092234251,81.819797293491,-17.86624786
1645654668442,75.8590072349044,78.8487090372594,-19.06042416
1645654669442,75.9386631768587,91.7241647200455,-17.69186244
1645654670442,78.5761598693013,97.6996369548604,-30.68883213
1645654671442,83.8511532541864,91.7175055751021,-7.940093606
1645654672442,81.7623974833281,92.4267044532244,-28.12497328
1645654673442,86.6568124887983,95.8728116759931,-17.30788293
1645654674442,86.5417539087704,95.7462879331077,-15.64728995
1645654675442,88.2764832775112,104.508612095702,-12.04952211
1645654676442,85.8779544059005,112.28871246115,-20.98395206
1645654677442,92.6044560385871,109.127838589801,-23.88629274
1645654678442,87.3914172728463,114.902426635382,-4.48108566
1645654679442,85.771746485391,115.717061965646,-7.952900123
1645654680442,84.7450699196276,122.764656448035,-3.938778171
1645654681442,87.019689551692,120.920073450896,-4.347415194
1645654682442,83.5679321345048,128.659109092347,-7.396054218
1645654683442,87.4445212337299,127.106418591571,-19.59859053
1645654684442,84.5592060584215,132.453711538767,-12.38745794
1645654685442,82.629762170214,135.409261791708,-5.75037835
1645654686442,80.6029610210154,132.553598705033,-2.624090705
1645654687442,77.3016648231875,141.15610340239,-12.71844283
1645654688442,71.1858587312294,147.098279915642,-1.693572487
1645654689442,69.8759610457843,145.380220662177,-7.161194082
1645654690442,67.8137572547388,150.650933448832,-6.047292071
1645654691442,64.9461434022405,148.10048114683,-10.06555934
1645654692442,60.5208133801735,150.384567673174,2.527267044
1645654693442,56.4406590994479,156.07702627155,-5.239699889
1645654694442,50.7408340300093,154.280167142562,-2.275099467
1645654695442,49.5636962448866,158.779529037142,2.341654457
1645654696442,44.1647936191974,155.428869550677,7.404316794
1645654697442,42.4300642504566,153.459982524845,6.509746431
1645654698442,37.8719743280672,154.481051331796,9.75843271
1645654699442,38.0666888500493,153.467751526491,1.168566446
1645654700442,36.2611541988726,150.117092040026,9.91900888
1645654701442,28.8708530633162,154.028229513493,3.695387532
1645654702442,24.6402375607159,153.502157106333,9.545762777
1645654703442,19.6484652955123,153.751875021209,3.93737315
1645654704442,18.3651195898801,151.020515962438,4.434970611
1645654705442,12.939664984378,143.008455401175,-3.495031103
1645654706442,15.4886550766057,145.32583764987,4.318707793
1645654707442,9.90388858971048,138.944157606625,3.507537354
1645654708442,7.84168479866505,140.967427644764,6.775006536
1645654709442,9.25779040461967,141.687725096215,5.875908965
1645654710442,3.04462705418597,138.468028782598,11.40841393
1645654711442,2.77025659402274,133.007530380826,8.608785322
1645654712442,-3.92084239933251,132.495886120255,2.602058884
1645654713442,-2.25691831051209,128.579199360123,-4.093745524
1645654714442,-4.63774586308597,126.800097949407,3.378155483
1645654715442,-9.73572604628346,124.620338018503,3.243018811
1645654716442,-10.0366484912906,122.536025823903,-3.911448314
1645654717442,-10.948266473253,119.598233289234,13.05361401
1645654718442,-16.4268250396387,112.957956472766,-8.012113956
1645654719442,-16.9490139851833,116.71371391017,6.859337314
1645654720442,-20.7016938423465,115.495090486457,7.8519931
1645654721442,-24.0649446605765,109.300976343348,1.494459044
1645654722442,-24.2065552204173,107.08681083339,1.942248056
1645654723442,-27.7733712176322,104.968093058948,10.14878031
1645654724442,-30.7914462907475,104.37209963619,2.568015193
1645654725442,-29.4372953039372,97.3267248687819,5.501201
1645654726442,-38.597728451339,94.1458735641803,2.832807819
1645654727442,-36.747940503828,93.657536308545,-2.680528793
1645654728442,-36.5178233425145,96.6807878628908,3.723112925
1645654729442,-44.0497350379118,89.3890247530783,5.530269059
1645654730442,-45.5720485668914,86.8696484576588,2.978088931
1645654731442,-48.1564412971926,83.3425216443868,3.995598247
1645654732442,-51.5108414546464,84.668801236011,1.351828877
1645654733442,-48.2272465783707,83.8919010564836,3.986942198
1645654734442,-58.104583189526,75.9952656647771,-3.746544213
1645654735442,-59.6091953956956,71.1795944114061,5.630230615
1645654736442,-61.6979511640384,64.5848217481082,-3.746818622
1645654737442,-58.9719478726387,64.7601792174246,4.708540172
1645654738442,-63.9283174972531,61.6914235099082,3.55665184
1645654739442,-58.4851615701987,62.5870784306755,4.288663434
1645654740442,-61.1403595829359,52.9457472073069,1.076298298
1645654741442,-61.6713991842255,52.9790429296584,0.598503215
1645654742442,-65.1054552823758,49.2033080590008,2.851329075
1645654743442,-64.0964800369069,43.4553565908279,10.61909346
1645654744442,-62.1581854879232,41.635190456904,4.670671623
1645654745442,-58.2373430898485,39.040343858434,3.546596822
1645654746442,-58.7595320316197,37.751799418335,8.434234534
1645654747442,-57.8036607457766,34.0348869899463,4.401496698
1645654748442,-52.2277449183998,30.3867857204533,2.217932864
1645654749442,-52.5463686799283,27.7042603881136,-0.70307018
1645654750442,-53.617298547057,25.2781121140165,-3.312459967
1645654751442,-46.0853868466288,22.0861622352978,1.436641291
1645654752442,-44.1382416381267,18.2094303416723,-4.328862079
1645654753442,-42.4123629314198,16.6001371136089,-1.217428979
1645654754442,-40.4032631000002,13.7977471817501,-4.330328148
1645654755442,-38.0666888487916,13.4947561112692,3.482081877
1645654756442,-31.6588109776335,11.3937960558874,0.026945977
1645654757442,-29.5346525674438,12.3382847022971,-2.070953935
1645654758442,-25.8616286484615,11.6546125448808,-3.028753918
1645654759442,-21.232733444894,9.66796780077661,2.897668017
1645654760442,-14.5150824717258,8.46488238035464,-0.009639301
1645654761442,-9.88618726815818,10.4071328279901,-0.352795959
1645654762442,-7.39030113555642,9.4404470341347,0.2298383
1645654763442,-4.45188200187994,10.9531826684039,-3.170273775
1645654764442,-0.557591582360353,11.9920091936266,6.46095752
1645654765442,0.0708052811781602,17.6345242088693,-2.427388383
1645654766442,7.33719717593056,21.2482198993089,-9.138324746
1645654767442,10.2667656500886,21.604484124606,-6.220609896
1645654768442,13.6565684481315,21.3137014857328,-2.94393604
1645654769442,19.7812251983503,22.4379870306326,-5.530128201
1645654770442,18.8961591949431,30.923956701731,-0.530185592
1645654771442,21.1176748648661,37.6763291152846,-16.33727013
1645654772442,23.1356253545463,36.0870133204744,-4.534493466
1645654773442,23.2418332750558,47.6428485565798,-16.55532377
1645654774442,25.3748423447638,38.4654377264197,0.934808633
1645654775442,34.3494116297019,42.1312967141848,1.628329798
1645654776442,32.1101946394843,47.9547184854082,-11.76831242
1645654777442,37.7480650860054,48.6683567927042,-10.41693983
1645654778442,43.6603059964629,55.1920985829139,-13.55688202
1645654779442,42.6513307509939,57.8291197620829,-12.59759247
1645654780442,42.6690320700307,51.4907241578162,-6.593438569
1645654781442,52.4932647190446,57.1965010445016,-13.58267036
1645654782442,48.9175980623113,60.034406413693,-5.449363806
1645654783442,49.2981764454995,60.5571492483818,-8.30395638
1645654784442,54.7855856714036,65.2962403404232,-10.38129335
1645654785442,59.0516038108197,72.5613668728276,-15.74379894
1645654786442,62.1139321878157,69.8533148197819,-8.414940439
1645654787442,66.0347745858905,72.0708099029997,-5.847014396
1645654788442,63.2291153537942,79.1672381102426,-17.79812492
1645654789442,68.0350237565339,77.2260975200977,-11.20652477
1645654790442,65.6718975255123,82.0484279176235,-10.18636052
1645654791442,75.1686557509639,85.8097346416922,-5.543877495
1645654792442,79.2045567315821,87.6765147862773,-18.92144245
1645654793442,82.1429758665163,88.9772676579841,-10.79959873
1645654794442,84.5680567179399,87.8307849648499,-22.11612395
1645654795442,84.4087448390623,94.7640641351728,-19.4294354
1645654796442,83.8954065555517,94.0548652570504,-9.308029413
1645654797442,90.4360443270322,101.074713304541,-21.31018761
1645654798442,86.7364684294948,104.713935714898,-22.33818902
1645654799442,85.3911681022028,104.788296160458,-11.77202108
1645654800442,92.4716961382647,114.781452178373,-44.18686479
1645654801442,92.8522745189374,108.31542297373,-26.33039622
1645654802442,90.1528232048351,114.660477722151,-10.9574762
1645654803442,88.3207365776187,120.133184555531,-7.693895192
1645654804442,86.7541697497894,118.924549848444,-16.30903335
1645654805442,85.612434603998,126.005440052396,-4.178538353
1645654806442,86.3027860879385,126.689112209813,-9.043585698
1645654807442,86.072668926625,130.120791286781,-17.55813993
1645654808442,81.1162993007528,132.918741788677,-3.611226534
1645654809442,79.4966285145553,141.647770230497,-7.068883249
1645654810442,74.221635125897,140.657777430128,1.871122493
1645654811442,75.2306103726237,141.884169856275,-3.023478731
1645654812442,69.3272201242,147.330240111458,-5.712755669
1645654813442,69.3803240825682,148.87960104055,6.564240718
1645654814442,64.3708504983279,149.977250008042,-7.296417779
1645654815442,61.8041590858057,151.751911988006,1.03929746
1645654816442,56.4406590994479,151.137050989486,-1.95261112
1645654817442,50.705431390678,158.554227985482,5.143420087
1645654818442,48.563571658936,153.900595912329,1.915823732
1645654819442,46.0588348680736,155.352289390136,-3.004340224
1645654820442,38.8278456126525,154.850633845403,4.608073727
1645654821442,38.9075015533491,153.982725359534,3.265809562
1645654822442,35.5619520566714,150.460037976224,10.72426864
1645654823442,30.7206410108271,153.350106642741,0.16090792
1645654824442,28.9947623041202,158.035924579967,9.562664829
1645654825442,25.5518555464515,152.248018245287,1.962218851
1645654826442,17.6482161286422,150.000557012978,9.402883788
1645654827442,19.3740948353491,149.477814178289,6.646949017
1645654828442,16.3648704204945,150.488894268614,2.093256455
1645654829442,12.6387425431441,142.921886524007,-2.780298576
1645654830442,12.2758654802505,144.775348379494,8.05488403
1645654831442,7.74432753767396,139.907513828798,-5.374398958
1645654832442,3.96509569944,137.673370885587,8.153213023
1645654833442,4.92096698402536,134.496959010159,0.92396936
1645654834442,-0.840812704557473,131.8588279735,-4.492094465
1645654835442,-2.98267243378394,124.801244774484,10.00647671
1645654836442,-2.31887293217186,125.411666343831,7.254504852
1645654837442,-3.6376212796509,127.531493975764,-2.655109517
1645654838442,-10.948266473253,121.760235501866,3.289067818
1645654839442,-12.5856385822605,118.580494054755,-6.030838224
1645654840442,-11.0544743937625,118.818003538024,-0.445663938
1645654841442,-17.1348778438738,113.884687400903,-0.911283644
1645654842442,-19.1793803158824,113.405229004404,3.462545121
1645654843442,-24.1446005987575,109.153365309719,0.062872082
1645654844442,-25.0208159451618,107.648398677095,2.05164741
1645654845442,-27.0476170943604,108.322082117885,5.503411621
1645654846442,-30.0745428295096,103.453137709698,8.276211238
1645654847442,-31.0658167534263,99.9803939087323,-3.621799044
1645654848442,-35.2433282938852,95.4111109985544,-1.058086318
1645654849442,-36.9426550245525,97.8849831400148,-0.44815369
1645654850442,-39.5270477561114,94.9016864521753,12.27308817
1645654851442,-44.7666385016652,90.2691416697662,7.737162253
1645654852442,-43.5983513760609,89.1137801182846,10.84076789
1645654853442,-47.9705774359865,83.9473939270695,1.167526533
1645654854442,-51.9356731366843,82.6288833370907,4.875835309
1645654855442,-53.033154983626,77.8831331001059,-1.794819186
1645654856442,-59.1489610730686,75.9109165025906,0.357864195
1645654857442,-55.6175477139272,74.3926315808686,-3.773569368
1645654858442,-53.7677597664162,68.9521106123503,1.18700677
1645654859442,-56.2901978788309,64.5004725859218,0.112856634
1645654860442,-59.9366698180002,59.2164415101687,-2.97571614
1645654861442,-59.7950592556439,60.3673636332651,4.728400546
1645654862442,-64.3442985197727,57.0577688700084,1.541389643
1645654863442,-60.5562160207626,53.6172109339041,0.495774258
1645654864442,-62.4945105697462,48.7083116592106,-0.836733773
1645654865442,-65.5214363048954,44.1090625983644,-4.375896607
1645654866442,-57.1221599226122,43.5774409045395,-1.872699187
1645654867442,-58.9365452320496,43.9281558423837,9.623619516
1645654868442,-59.8039099176778,36.1891202009329,4.030948421
1645654869442,-57.6531995251597,35.0748233726597,-4.351587397
1645654870442,-56.0689313782935,28.4867098543053,4.392239373
1645654871442,-51.7232572956653,25.3136275505606,1.122424438
1645654872442,-46.9084982308917,22.2803872803768,-6.624829983
1645654873442,-48.8025394822834,22.6444205065307,-0.015624486
1645654874442,-43.3859355350419,19.3181778824926,0.684214726
1645654875442,-42.2442003892506,13.880986486446,1.12439196
1645654876442,-40.7218868602709,16.9630604830608,4.065192923
1645654877442,-37.7834677265945,12.7933262355809,0.576384986
1645654878442,-30.817998273076,11.5624943802603,-1.679121885
1645654879442,-29.7470684084627,11.1951315816347,-0.685119133
1645654880442,-24.1268992797207,10.2539725076967,-6.177910915
1645654881442,-21.1265255243845,9.7312296722193,-2.193403855
1645654882442,-17.1525791666838,10.5369861441359,0.415456468
1645654883442,-11.5855139963099,9.14855453777093,0.3472906
1645654884442,-11.1695329750481,14.2405802834262,-0.82651663
1645654885442,-7.07167737402797,10.1840514913105,-11.52397581
1645654886442,-2.85876319423768,11.312776465384,-1.852511845
1645654887442,3.03577639466757,13.1429313159345,-9.209786734
1645654888442,2.86761385249832,19.5390395049796,1.503018304
1645654889442,7.81513281885211,19.9052924469033,-7.742654318
1645654890442,12.4528786819381,24.996208335068,-6.114522204
1645654891442,16.1524545794755,23.3835855345328,-11.48588805
1645654892442,11.6651699382642,29.1093398544714,-11.55369608
1645654893442,16.5595849412189,34.808457597002,-8.473559318
1645654894442,23.3391905360469,36.978228812068,-8.714524737
1645654895442,24.6048349213845,36.2290750674392,-8.974906133
1645654896442,28.826599761951,41.4853597082937,-8.417775262
1645654897442,29.9683349077423,42.3521583366718,-5.350113085
1645654898442,33.1899751648737,47.9314114796832,-13.364943
1645654899442,37.7038117871557,44.1068428841718,-4.292534737
1645654900442,41.1201665650114,53.0966878134078,-6.295976941
1645654901442,44.1824949394919,55.3974222013215,-14.87255267
1645654902442,45.7490617648058,52.9546260664429,-13.90698822
1645654903442,46.342055989013,60.0754711369013,-4.42507981
1645654904442,51.3249775946981,61.0166302108393,-6.107575578
1645654905442,52.8384404603861,69.7856135183769,-12.89854661
1645654906442,56.6265229619117,74.0840912237233,-18.36635003
1645654907442,61.6802498462594,68.1186077055351,-5.888261263
1645654908442,61.5917432447867,74.0297082114166,-11.95756188
1645654909442,67.5128348160204,75.8165786237776,-6.488077643
1645654910442,68.2385889367768,83.3758173667383,-16.34483988
1645654911442,74.8942852908007,82.0173519102531,-10.24808375
1645654912442,75.5138314948208,90.850706946724,-12.08665365
1645654913442,76.3811961779335,92.333476431902,-18.3874826
1645654914442,80.8242275190373,96.7740158842133,-9.641267417
1645654915442,83.7980492958183,97.2168489858894,-15.66736738
1645654916442,102.667656508433,97.0392718023804,-76.04312609
1645654917442,88.2764832775112,104.715045572389,-30.30623807
1645654918442,107.393908971734,106.810456341106,-76.16339237
1645654919442,113.226493941495,109.504080247563,-93.33965025
1645654920442,90.2944337671914,108.01465161823,-7.593517637
1645654921442,89.736842184831,117.411814213387,-7.918503726
1645654922442,89.7810954849385,114.188788328086,-18.24465107
1645654923442,93.2859568604938,120.106547978123,-25.20948873
1645654924442,92.533650757409,121.087661918567,-12.77430285
1645654925442,95.2596540513242,123.870074417172,-30.02499428
1645654926442,90.7812200683736,130.20957987893,-28.22345563
1645654927442,86.1434742065454,134.655668617905,-16.46041974
1645654928442,82.1252745474795,137.712215894603,-15.07938274
1645654929442,81.0897473209399,135.38373507179,-4.812565739
1645654930442,81.7712481466197,135.100721435351,-8.52353235
1645654931442,76.9210864399993,140.665546432562,-11.32185373
1645654932442,67.5305361350572,145.845250912087,-8.745728493
1645654933442,65.663046865994,147.948430683239,-10.74518638
1645654934442,62.3263480288347,150.805203627404,-5.637870737
1645654935442,57.2637704849686,152.56876703404,-5.138172978
1645654936442,52.0330303976754,154.420009175334,-8.656764233
1645654937442,49.5990988842179,156.381127198732,0.498103183
1645654938442,47.11206341365,154.75629596659,6.641739124
1645654939442,45.102963584746,157.338934133452,-3.435806777
1645654940442,40.3678604594112,155.534306003608,-0.127222231
1645654941442,36.7744924823832,155.335641528566,2.41883764
1645654942442,28.9151063634237,153.563199262794,3.843211132
1645654943442,34.632632751899,155.967150388657,-5.51660524
1645654944442,25.8881806270167,153.180298460878,8.793899745
1645654945442,27.083019732434,151.499974358938,-3.424426851
1645654946442,20.0732969800658,148.573280398386,0.587058851
1645654947442,15.1080766934175,145.930709931764,0.525421425
1645654948442,16.134753259181,143.172714296374,-1.439540266
1645654949442,12.7715024434666,142.966280819687,5.462088925
1645654950442,8.54088694338173,141.804260123262,10.84032662
1645654951442,7.39030113681418,135.580179831062,4.64770386
1645654952442,4.79705774322134,130.976491341042,2.551982982
1645654953442,-1.41610560595461,132.39932852646,7.845028182
1645654954442,-2.84991253471928,130.814452160824,4.110247357
1645654955442,-0.495636961958334,127.912175063488,3.427919207
1645654956442,-7.70892489708487,121.674776482189,2.075604403
1645654957442,-11.2491889157447,118.758071238264,2.545465547
1645654958442,-11.4970073986105,123.299607714332,4.084303821
1645654959442,-19.0023671141948,115.088882678027,1.35811899
1645654960442,-16.9844166245146,108.925844543077,1.680103365
1645654961442,-23.6755156153543,107.04130668022,2.2722669
1645654962442,-24.693341524115,108.474132581476,3.697883255
1645654963442,-29.8975296278219,102.958141309907,-3.990621253
1645654964442,-29.7293670856527,104.086866284769,5.494019178
1645654965442,-34.4290675703984,99.2212514482656,5.052363619
1645654966442,-36.7213885214996,94.937201889508,7.658339511
1645654967442,-40.1200419790609,93.8983753642853,1.769256049
1645654968442,-42.9522531934856,89.620984948894,2.849181063
1645654969442,-45.439288666569,87.0405664970128,7.225088831
1645654970442,-47.8378175369219,86.3391366213245,3.683160589
1645654971442,-49.5990988854756,79.9064031382447,-7.716398573
1645654972442,-57.520439626095,78.1150932959215,13.09161981
1645654973442,-52.4224594391242,70.3250042146357,2.896317232
1645654974442,-56.8123868218599,67.0165193088696,-9.267736325
1645654975442,-58.316999030545,62.5693207124035,1.74601245
1645654976442,-59.343675593793,67.9809853885325,-3.186403003
1645654977442,-57.8036607457766,61.2186242575637,-3.493953494
1645654978442,-63.3530245933405,60.7236278577736,-2.73598519
1645654979442,-59.9455204775186,57.2064897611282,-11.72110636
1645654980442,-61.2200155236324,52.3097989180425,-4.039666367
1645654981442,-61.8749643682416,51.1111529275828,10.65836965
1645654982442,-62.220140109583,41.3721542537181,0.308404433
1645654983442,-58.2284924278146,40.9204422921174,5.416740165
1645654984442,-59.5383901145174,39.524241684107,6.179383033
1645654985442,-57.9718232866881,33.3956091282101,-3.780021813
1645654986442,-55.6706516760685,29.051627269693,4.495956637
1645654987442,-52.9800510240001,28.0472063243124,-0.68405164
1645654988442,-49.6168002057702,25.6654523466839,-2.501437552
1645654989442,-49.9000213267096,22.4390968881231,2.242154308
1645654990442,-46.3332053294946,20.1661089358967,3.687817512
1645654991442,-43.359383555229,16.9475224789813,-2.710656951
1645654992442,-40.0934899979902,16.1339970062079,-6.502699314
1645654993442,-38.3145073291419,14.8621004268904,-10.52868278
1645654994442,-32.7120395219521,10.8055716347747,3.087986119
1645654995442,-33.7829693865654,12.9098612626283,0.433465612
1645654996442,-23.9852887198799,11.3260947544824,1.351372241
1645654997442,-23.6755156153543,7.51373458979008,1.987962471
1645654998442,-21.8788316299848,13.235049480555,0.841285309
1645654999442,-16.568435601995,12.2639242567372,-5.788334292
1645655000442,-10.9925197746182,12.1562680888258,-6.593978362
1645655001442,-8.4877829824981,10.784484344031,-2.248205895
1645655002442,-3.24819223694429,12.5813434722299,-8.146195589
1645655003442,-0.929319306030179,16.8997986108295,-2.126957227
1645655004442,4.23946616211873,14.0929692497971,0.741870521
1645655005442,4.98292160568512,14.8609905693998,-9.82649206
1645655006442,6.59374173236417,24.8042030049701,-4.316112678
1645655007442,12.7095478218068,22.4501954622403,-8.241100312
1645655008442,13.8512829675982,21.6000446946437,-6.805829913
1645655009442,15.1523299960404,27.7231279638763,-2.496291137
1645655010442,20.958362983473,29.7741444361251,-14.98352151
1645655011442,24.4897763413566,33.2957219627328,-4.675502687
1645655012442,23.6932169369066,40.2844940028529,-14.79810227
1645655013442,26.4988761715185,45.2522157190268,-15.78186338
1645655014442,25.9501352486765,43.5064100314514,-14.28288553
1645655015442,32.6146822622188,38.980411559463,-12.42392251
1645655016442,34.2609050294869,46.1201242048954,-12.53323897
1645655017442,36.8718497421166,52.2509764757735,-8.850338977
1645655018442,41.182121182898,49.046818165447,-9.47484317
1645655019442,43.1646690332468,53.1799271188923,-14.04801939
1645655020442,44.9082490627638,50.5162693615267,-5.485555097
1645655021442,48.4219610990952,54.7581443395853,-5.159896357
1645655022442,49.9354239672986,55.7403681375202,-11.51214463
1645655023442,48.1829932782633,59.1698274995074,-4.840589521
1645655024442,52.8738431022329,61.3063029922219,-15.47243888
1645655025442,54.272247387893,66.157489682137,-12.4687859
1645655026442,58.883441271166,71.5280896350577,-1.921046279
1645655027442,62.4148546290497,68.1097288463991,-5.668239669
1645655028442,61.86611370495,68.887738883417,-8.03842188
1645655029442,66.0347745858905,76.7666165568515,-10.9434584
1645655030442,67.5128348160204,80.7088300369009,-15.14203987
1645655031442,70.6459684716791,80.3614446715285,-14.51910311
1645655032442,72.522308399003,94.4155689115212,-17.39824475
1645655033442,76.8148785194898,85.9928611126541,-8.62911692
1645655034442,75.7970526170179,85.7986360675751,-13.38454212
1645655035442,82.4527489685264,91.7030774293018,-12.71661385
1645655036442,83.5856334547993,99.3699723393853,-8.813005933
1645655037442,82.0633199283352,99.6485465466507,-16.3799042
1645655038442,86.8603776702988,95.7307499290282,-11.12224422
1645655039442,87.5153265123925,105.04578307698,-17.7098999
1645655040442,95.702187052399,106.742755039701,-37.96559525
1645655041442,96.2686292967932,106.368733096132,-31.66331085
1645655042442,102.118915586849,106.628439727635,-41.67634186
1645655043442,89.1349973023632,116.197630219636,-8.500097868
1645655044442,89.4270690815632,118.770279669872,-16.21277341
1645655045442,88.444645817165,122.112060297201,-17.25623892
1645655046442,87.0816441708362,123.027692651221,-8.620967921
1645655047442,88.0286647959032,125.174156860562,-17.34724454
1645655048442,84.9397844416097,126.134183510263,-5.85638718
1645655049442,86.6479618292799,127.976546792421,-27.36377594
1645655050442,81.8155014454695,133.275006013975,-11.81846901
1645655051442,89.1172959820687,129.626904744481,-28.03425086
1645655052442,81.7535468238097,135.581289688553,-17.39393886
1645655053442,77.0272943605088,141.333680586688,-12.09908929
1645655054442,74.0711739065378,142.022902030768,-6.688146802
1645655055442,66.3179957080877,147.347997830518,-9.937709542
1645655056442,67.7606532963707,147.163761502066,-1.373584659
1645655057442,61.9192176658336,149.963931718944,-12.01490672
1645655058442,59.0250518310068,153.822905894297,-8.556359482
1645655059442,56.7061789000927,152.431144716249,1.974124913
1645655060442,49.7584107668687,153.595385127655,4.228800469
1645655061442,49.572546904405,157.448810016344,-2.390731027
1645655062442,44.9348010425767,153.098169012884,0.508784742
1645655063442,40.9962573216919,157.267903260364,5.037603829
1645655064442,39.6244050158448,152.863989102087,4.936504044
1645655065442,34.2963076713338,153.147002738526,0.394637089
1645655066442,33.1634231825453,152.917262256903,-1.58438009
1645655067442,25.1181732048952,151.625388245121,-1.565444597
1645655068442,21.569058526717,151.763010562124,-2.185623826
1645655069442,22.8435535728308,151.261355018179,4.385071225
1645655070442,15.1611806555588,147.088291199016,4.201982675
1645655071442,13.7273737280519,145.298091214971,9.448466566
1645655072442,11.1341303357168,145.048373300095,7.788640874
1645655073442,10.1517070700608,142.338101532068,4.664465169
1645655074442,8.4081270405438,141.675516665396,4.008744005
1645655075442,4.04475164013655,135.799931596058,0.527420683
1645655076442,4.56694058316558,132.864358776371,3.923244258
1645655077442,-2.82336055490635,130.310576901898,3.140919565
1645655078442,-1.61082012793679,130.214019308104,-1.242870933
1645655079442,-5.20418810748023,126.997652566958,0.931714777
1645655080442,-7.51421037887595,124.141989479494,1.483270976
1645655081442,-10.3021682906777,122.132037730454,2.300423195
1645655082442,-13.5592111871404,120.394001044524,8.879730614
1645655083442,-14.8514075548065,117.531678812906,-0.061040111
1645655084442,-17.4977549067675,115.42294975509,-5.779880109
1645655085442,-17.2587870871933,113.66826520759,0.257768268
1645655086442,-23.1710279951354,114.22430376463,6.877398971
1645655087442,-26.2068043898029,110.599509500073,10.64303117
1645655088442,-25.6757647872555,108.46414386485,-4.046844368
1645655089442,-30.0479908471811,102.480902628389,6.567873665
1645655090442,-33.8183720258967,103.116850917654,2.151472946
1645655091442,-35.9690824184148,97.321175581329,0.162571726
1645655092442,-39.6421063361393,96.0381804286829,1.042428807
1645655093442,-40.1996979184997,94.6919234038055,2.676919525
1645655094442,-41.9167259682037,92.3567834368383,-0.278400828
1645655095442,-46.1473414682885,89.5033400651446,4.040052334
1645655096442,-45.731360445769,85.4001972615791,-2.15785784
1645655097442,-49.1477152236248,84.8552572786559,-1.919596505
1645655098442,-53.1216615838409,81.0994998412515,-2.494368465
1645655099442,-52.1480889777033,77.3381931171827,-1.004350176
1645655100442,-60.0605790575465,71.389357459776,-7.728568732
1645655101442,-49.7230081262797,72.2839025230527,-4.623099973
1645655102442,-57.0602053022102,61.6459193559489,-1.836423035
1645655103442,-63.2556673348649,62.8800807837412,0.564063335
1645655104442,-63.4769338328867,62.0299300161446,4.189957173
1645655105442,-60.6358719589436,59.9977811188697,2.461288176
1645655106442,-61.1315089221597,51.4851748711519,-4.192221203
1645655107442,-59.7773579378648,54.4407251233041,-5.077495841
1645655108442,-61.0253010016502,48.3698051521856,-9.320882353
1645655109442,-61.821860407358,46.663954330328,-4.821534124
1645655110442,-60.3792028190749,43.0757853605945,2.503820594
1645655111442,-57.5735435869786,38.7839667994029,-3.083648284
1645655112442,-57.1664132227197,37.1702341413772,5.529550878
1645655113442,-56.4760617400369,34.9360911981665,1.438498762
1645655114442,-54.2545460701139,29.9173160405806,-4.43891107
1645655115442,-52.5906219812935,28.9173345243736,1.003841431
1645655116442,-48.5901236400067,23.6210950178013,1.123097239
1645655117442,-47.8555188584742,20.1661089358967,3.698073051
1645655118442,-44.9082490640216,18.5246298429724,-4.204045429
1645655119442,-44.4480147401368,17.5468454742111,6.423445504
1645655120442,-37.4736946270999,13.3737816550481,-8.325604228
1645655121442,-35.9690824184148,12.5025435974963,0.627758216
1645655122442,-30.4020172505564,11.3482919027167,-9.831766419
1645655123442,-25.6492128087003,10.5103495667278,-9.480820374
1645655124442,-25.7023167670684,9.32613172206846,-6.788131103
1645655125442,-19.4980040774109,9.79005211448828,-6.636810212
1645655126442,-20.5777846015425,10.9443038092679,-3.46721331
1645655127442,-12.479430661751,8.21627432296897,1.736995883
1645655128442,-7.1867359553136,8.4571133787092,-9.205747132
1645655129442,-7.87708743925412,11.4171030608237,-3.525165413
1645655130442,-5.49625988668024,13.16734817915,-8.442718584
1645655131442,-3.60221863780407,15.6689667555089,-5.673901512
1645655132442,1.20368976619341,16.3260023355171,-5.873066826
1645655133442,4.71740180252478,14.0630030999173,-4.301097193
1645655134442,7.76202885796849,18.1994416250457,-9.796062784
1645655135442,10.3464215907852,21.2415607551541,-6.938123871
1645655136442,14.4531278513238,27.2825145763927,-5.277185641
1645655137442,16.8605073837106,26.9340193527411,-7.758261361
1645655138442,20.6308885624261,26.6554451462643,-11.49838504
1645655139442,18.5775354308991,36.0004444433068,-9.275515496
1645655140442,21.2592854247069,39.5630866931228,-13.38441704
1645655141442,24.7906987838483,42.1845698690009,-7.679933292
1645655142442,27.0033637942529,47.7771413018992,-12.43022457
1645655143442,31.7030642752254,41.4465146992779,-17.04460848
1645655144442,34.1812490887904,40.1612998316507,-0.282387734
1645655145442,39.5978530360318,37.9049597394171,0.790442228
1645655146442,37.9073769673985,52.0434331423847,-7.326422324
1645655147442,43.3416822349345,50.7571084172669,-10.93449269
1645655148442,40.2705032009356,45.7982655594405,-1.347422154
1645655149442,47.3421805749635,56.2009589582569,-12.06263649
1645655150442,44.7400865205946,66.8378322678701,-12.49576871
1645655151442,48.4839157207549,54.8635807925155,-4.668195451
1645655152442,52.174640958774,60.5105352377206,-12.08318235
1645655153442,51.3692308960633,66.5914439254656,-12.42210885
1645655154442,56.8212374801206,69.8721823955445,-12.50978313
1645655155442,57.3257251028551,72.9808929695673,-17.61374635
1645655156442,60.7155279021557,73.2849938967502,-6.414309044
1645655157442,66.1144305265871,73.3893204921899,-8.567037846
1645655158442,65.9462679881911,82.7709450840556,-8.187677698
1645655159442,71.1770080742265,77.470266147521,-6.810556554
1645655160442,70.7344750693785,86.5255926639695,-8.448041514
1645655161442,70.1149288666161,89.8662634345965,-13.18122691
1645655162442,76.5228067377743,86.4368040718207,-10.4512099
1645655163442,78.0805229086007,90.2347360907127,-5.287945496
1645655164442,79.3727192737513,98.025935029489,-6.389835653
1645655165442,81.5234296637539,94.073732832813,-7.962569733
1645655166442,80.3285905583367,97.7751072579108,-10.88728452
1645655167442,80.2754865974531,112.335326471811,-14.81374866
1645655168442,82.3907943468666,111.406375829481,-12.40154217
1645655169442,86.488649946629,111.067869322456,-14.74695281
1645655170442,92.5867547195504,104.534138816408,-22.42370066
1645655171442,99.2424510710588,110.11450181691,-36.8662038
1645655172442,93.5160740218073,120.221973147679,-28.01669214
1645655173442,86.8515270095227,114.351937365795,-5.779038751
1645655174442,86.7364684294948,120.7003216859,-11.53168305
1645655175442,93.0823916827664,125.792347431555,-35.36792257
1645655176442,98.9857819311901,122.148685591235,-41.75680419
1645655177442,85.9576103440816,129.208488505232,-27.70635511
1645655178442,89.2854585217224,130.277281180335,-32.29167654
1645655179442,84.7981738817689,134.40706056052,-12.71388589
1645655180442,83.8423025971836,131.716766226535,-27.13438678
1645655181442,72.5931136801811,139.405858284853,-6.620513259
1645655182442,72.522308399003,145.045043727624,-8.411454844
1645655183442,68.2120369569638,140.662216860091,-19.20826722
1645655184442,65.6984495053253,146.971756171968,-10.49485156
1645655185442,63.1937127119474,148.295816048611,-7.921564595
1645655186442,60.0428777372519,150.552156140056,2.110916092
1645655187442,56.1485873177323,152.887296107023,-1.588840718
1645655188442,54.8032869904404,153.186957605033,-1.829254543
1645655189442,49.3955337052328,154.901687286026,-7.227146608
1645655190442,45.5897498846704,155.201348784035,3.794561056
1645655191442,44.5099693605388,154.416679602863,-1.196747494
1645655192442,37.9427796067298,153.918353630601,-0.859227539
1645655193442,35.7743678976904,156.434400353549,-2.969449422
1645655194442,30.5347771496211,154.382274023809,1.555537054
1645655195442,28.1273976197498,153.143673166055,-0.48550429
1645655196442,25.1447251847081,153.990494361968,2.086400131
1645655197442,24.0472433402819,149.3124454256,8.024305185
1645655198442,22.2151567092923,151.002758244166,7.407270081
1645655199442,16.7188968238698,143.687688129418,-3.197313895
1645655200442,13.3379446866031,144.1704760976,-1.114178853
1645655201442,10.7978052526361,138.180575716196,-9.378367133
1645655202442,8.79755608325041,139.394759710735,-2.254245835
1645655203442,3.26589355472333,138.663363685167,5.014651162
1645655204442,6.57604041206964,136.809901828892,-5.045047913
1645655205442,1.79668398788509,134.890958386981,-6.952973749
1645655206442,-0.265519800644825,133.402639615139,3.438764011
1645655207442,-0.203565181500568,129.38384597376,-4.800881286
1645655208442,-6.12465675021875,126.923292121398,-1.93266075
1645655209442,-7.28409321504693,122.296296625653,-15.54505624
1645655210442,-8.8772120252047,123.383956876518,2.174843229
1645655211442,-10.2844669716409,116.796953214866,-9.174850001
1645655212442,-14.745199634297,122.132037730454,-0.4391273
1645655213442,-14.5150824717258,117.981171059525,0.770596778
1645655214442,-17.6216641475715,114.250940342038,1.108758923
1645655215442,-21.3831946667687,106.83154363185,-8.302218651
1645655216442,-25.2509331052176,112.203253441473,-0.783377348
1645655217442,-24.7198935026701,107.718319693481,0.698953295
1645655218442,-30.9950114747636,105.355433290827,0.86154759
1645655219442,-33.4466443060001,99.7750702903247,-11.18943723
1645655220442,-32.1101946382266,96.1025521576161,-6.266259634
1645655221442,-38.2879553493289,94.9660581811086,5.356819667
1645655222442,-40.0226847193275,93.2890636516402,-3.289237161
1645655223442,-42.4035122693859,92.7862982502046,7.147354303
1645655224442,-44.0054817390621,87.9317819886064,-2.974275956
1645655225442,-44.3329561601089,87.3213604192594,2.72356861
1645655226442,-50.9178472329547,82.8297675263246,0.160636701
1645655227442,-50.5992234714262,81.7409974179688,2.508938363
1645655228442,-51.8648678580216,79.3714518719482,1.640446167
1645655229442,-53.7854610867107,73.0230675510548,-3.218471569
1645655230442,-57.7505567861507,67.0098601647148,-5.696604935
1645655231442,-60.9190930811407,55.472892504372,-12.26827699
1645655232442,-60.4588587597715,60.0066599780058,-2.734655904
1645655233442,-60.5119627193973,62.2419127794956,-1.825410791
1645655234442,-63.2291153525364,57.0144844310303,2.061187931
1645655235442,-58.7772333519143,56.3297024161235,-0.80461806
1645655236442,-63.0432514938459,51.2565442470194,-7.092745899
1645655237442,-60.5562160207626,46.9047933860682,-2.941936814
1645655238442,-57.7505567861507,46.5940333147305,-4.561908268
1645655239442,-61.2554181629637,39.7029287258951,-3.715780661
1645655240442,-60.6358719589436,40.4631810438524,-2.825465534
1645655241442,-58.5117135500117,33.2413389504261,-4.437359602
1645655242442,-56.2547952394996,32.1914138510862,-1.811457785
1645655243442,-55.989275437597,29.9295244721883,-0.778532805
1645655244442,-51.0683084523139,26.5278115450997,-12.7125006
1645655245442,-49.3689817254199,24.1571561415885,-0.50875417
1645655246442,-43.3151302538638,19.2515864385782,2.474063616
1645655247442,-43.8107672170799,18.8953222140697,-4.904970993
1645655248442,-39.8368208581215,13.7788796059875,-7.81296646
1645655249442,-38.1463447894881,12.9009824034923,-7.070575591
1645655250442,-33.6590601470191,10.5547438624079,-4.484143803
1645655251442,-30.6498357309067,10.7645069107778,-6.105939684
1645655252442,-29.9860362292946,12.5724646130938,-5.770457215
1645655253442,-24.3393151207397,10.2384345036172,2.94244641
1645655254442,-21.4097466453238,11.1318697094034,-0.855214322
1645655255442,-16.7542994632011,10.9076785152332,-2.778887118
1645655256442,-11.8864364388016,5.82453162871395,-1.786800965
1645655257442,-7.16903463501906,8.76676359334501,-10.76669665
1645655258442,-5.31039602798972,11.0075656807105,-0.389263324
1645655259442,-4.11555692005695,11.3283144694635,-0.209086398
1645655260442,-0.221266501795114,16.254971462429,-3.443679446
1645655261442,4.4518820031377,12.9742329915615,-5.770208961
1645655262442,6.21316334917595,18.3925568126341,-6.989756377
1645655263442,6.17776070984462,25.3247261246778,-7.65000383
1645655264442,13.4087499665235,19.3770003247616,0.307628534
1645655265442,12.1342549204096,23.412441826922,-13.47049506
1645655266442,15.9665907195272,25.9573448422591,0.779063759
1645655267442,17.7190214073048,32.7862974163537,-10.25588769
1645655268442,24.8438027422164,24.3769079065849,-2.8658071
1645655269442,21.7283704081101,42.4575947896021,-14.05428938
1645655270442,24.9942639640911,44.7794164674709,-8.976734674
1645655271442,29.0921195638535,47.5551698219216,-7.802414235
1645655272442,35.5708027174476,34.5598495396163,-4.05299479
1645655273442,33.0306632822228,48.1511632446797,-11.84055198
1645655274442,36.6771352213921,40.9492985845066,-6.594622464
1645655275442,36.7213885202419,58.9467461628278,-10.22003003
1645655276442,39.3588852151999,58.5161214919709,-12.7355111
1645655277442,40.8369454428143,64.4005854196558,-19.62894528
1645655278442,39.9872820787385,70.2339959075058,-20.12743047
1645655279442,44.4657160616891,58.805794272565,-1.198041736
1645655280442,50.1124371677285,61.4228380192693,-8.396741251
1645655281442,50.1832424489067,77.0407513341547,-11.77378766
1645655282442,54.705929730707,76.9552923144776,-10.1455367
1645655283442,58.0957325262344,66.7912182572089,-9.731265209
1645655284442,57.7594074456691,71.2950195809629,-11.66801225
1645655285442,60.7420798807108,72.0130973182213,-4.802791365
1645655286442,66.6543207899106,70.9565130747265,-3.318453886
1645655287442,66.4684569274468,79.8642285567572,-7.395193139
1645655288442,72.3010418972079,74.9187039880291,-3.022507093
1645655289442,71.8585088961331,89.145965982357,-8.470179557
1645655290442,72.1151780360018,99.3200287570409,-13.42076166
1645655291442,75.2129090523291,93.9261217991839,-16.85977357
1645655292442,75.9032605375274,103.900410241336,-5.635574269
1645655293442,82.0279172864884,95.3578378429497,-18.88710814
1645655294442,80.6029610210154,93.0992780365235,-7.284603572
1645655295442,81.3906697634315,98.9848518224877,-11.22611138
1645655296442,81.7446961668068,107.660607108703,-15.02892073
1645655297442,85.5327786620436,112.370841908355,-11.71595492
1645655298442,80.2312332973456,114.401880948139,-17.06693205
1645655299442,87.7454436762215,112.585044386687,-3.661342221
1645655300442,87.6038331138652,113.802557952909,-7.770772095
1645655301442,86.7453190890132,116.356339827382,-13.54880465
1645655302442,85.3380641413192,122.103181438065,-4.937561855
1645655303442,84.6742646384494,122.748008587254,-6.967671203
1645655304442,83.1608017727614,125.025435969443,-11.58506447
1645655305442,84.160926358712,126.007659767378,-6.096742426
1645655306442,86.010714306223,132.109655745078,-15.61613979
1645655307442,83.0457431914758,130.845528168194,-18.46787274
1645655308442,76.9122357804809,138.064040689937,-20.60469069
1645655309442,77.6910938633786,142.263741086509,-8.573373749
1645655310442,70.5043579093228,149.902889561693,-13.10053397
1645655311442,71.4425278736136,146.586635654282,-13.76300885
1645655312442,69.1236549426995,146.615491946671,-12.87542571
1645655313442,60.6889759198272,152.933910117685,-16.26622733
1645655314442,60.3083975391545,155.294576805358,-5.395455964
1645655315442,55.4582358363073,155.823978784202,-9.961872778
1645655316442,53.9093703275148,159.133573547458,-10.39250987
1645655317442,52.4047581188297,158.633027861004,-14.66477976
1645655318442,45.4481393248296,160.518675581351,-9.045334588
1645655319442,43.3328315729006,158.696289732447,-12.08052208
1645655320442,40.385561778448,160.367734975251,-19.57551516
1645655321442,32.6766368813631,160.272287238947,-15.88091645
1645655322442,28.4725733610912,165.47973815337,-21.21096176
1645655323442,29.1540741829978,160.880489093313,-20.52996027
1645655324442,22.8878068716805,160.908235528211,-19.00953388
1645655325442,21.6841171067448,158.817264188668,-18.88769222
1645655326442,21.3123893868483,153.772962311164,-17.81962485
1645655327442,18.2323596895577,155.921646235486,-6.810768578
1645655328442,17.3384430241166,147.023919470082,-6.441933779
1645655329442,11.5235593771657,143.463496934459,-18.2767215
1645655330442,10.5057334709206,145.926270502591,5.968268074
1645655331442,5.47855856764347,138.597882098743,-10.42549532
1645655332442,5.57591582611905,135.30826476874,-19.7804481
1645655333442,0.477935642921564,132.106326173395,-8.962319906
1645655334442,-5.62901978951816,124.027674167428,-24.92742528
1645655335442,-1.71702804844628,129.269530661694,-0.093143209
1645655336442,-4.17751154171671,127.871110339491,1.083942845
1645655337442,-7.39915179633256,127.040937005147,-5.790293432
1645655338442,-12.081150959526,121.797970653391,-6.449205248
1645655339442,-14.5947384124223,120.241950580933,-10.58701424
1645655340442,-15.267388577326,119.38403081169,-1.29186451
1645655341442,-17.3118910455614,116.078875477608,-3.365073967
1645655342442,-20.4361740417017,113.287584119866,3.750021211
1645655343442,-20.3565181010051,114.235402338747,-8.68481375
1645655344442,-25.0562185844931,108.076803632971,-6.306560973
1645655345442,-26.8794545521911,101.772813607757,1.904277591
1645655346442,-27.7822218784084,101.836075479989,-7.634472841
1645655347442,-30.8002969527814,103.641813467324,-2.159278307
1645655348442,-33.8183720258967,100.47428045182,-1.945821125
1645655349442,-38.1374941299697,94.5087969328437,0.677669085
1645655350442,-39.686359634989,93.5698575738868,1.134947856
1645655351442,-41.0228093027626,92.5732056301516,-7.845312064
1645655352442,-45.1560675443718,89.1104505458129,-8.444867503
1645655353442,-48.7759875012127,88.8096791903131,-4.205199727
1645655354442,-49.0946112627412,86.1426918612644,-1.058146758
1645655355442,-48.2714998784782,83.8241997550786,-6.877330386
1645655356442,-53.201317522022,78.8842244738034,-1.265131958
1645655357442,-53.8562663678889,73.3338276223926,1.013605399
1645655358442,-55.6618010152924,73.7511340041512,-4.651337354
1645655359442,-57.2814718052631,66.2718049942032,-16.27103138
1645655360442,-63.3972778947057,63.4905023530882,-2.554116047
1645655361442,-63.2202646930181,66.3639231580351,5.888866724
1645655362442,-59.7685072758309,60.4261860747455,-4.025925442
1645655363442,-64.4239544604692,55.7636751432452,-1.649879828
1645655364442,-61.8130097465818,53.8147655506662,-0.363098758
1645655365442,-59.0516038120775,46.6306586087651,-1.2618019
1645655366442,-62.0873802092606,45.7305642580355,-11.00876259
1645655367442,-61.2200155236324,41.3410782463477,1.093165215
1645655368442,-58.8037853317272,34.9560686314197,-9.049569302
1645655369442,-56.2813472193125,32.0038479509507,-6.468316669
1645655370442,-58.6002201502266,33.139232069179,-1.280397476
1645655371442,-56.4495097589663,30.7197429400254,-1.274342188
1645655372442,-52.6702779194745,27.007269941599,-7.504106829
1645655373442,-48.8202408025779,22.4823813263127,1.392900082
1645655374442,-46.6429784315046,22.4746123246672,-5.672040365
1645655375442,-46.3774586283443,19.257135726031,-8.9956446
1645655376442,-42.2176484094376,14.6057233678593,-6.155872163
1645655377442,-38.4384165686881,12.9953202823053,-3.387844624
1645655378442,-34.694587372301,12.7267347916665,-4.8966743
1645655379442,-31.127771375086,11.6368548258202,-11.53959556
1645655380442,-26.7378439923503,6.3694716116371,-4.651458225
1645655381442,-21.082272224277,7.62472032938459,-3.155442451
1645655382442,-20.3299661211922,10.2606316518516,-1.851015586
1645655383442,-13.4530032666309,9.72900995802674,-4.165224959
1645655384442,-10.868610535072,12.5491576081575,-6.784030153
1645655385442,-9.70917406772829,9.36719644606541,-0.018053792
1645655386442,-4.4430313411038,9.95653072466865,-2.795347693
1645655387442,-2.05335312901152,12.8732359685936,-3.397279765
1645655388442,2.62864603292417,13.7233867354017,-8.808671432
1645655389442,5.8945395876475,13.252807198827,-1.550482527
1645655390442,5.9033902496814,18.3137569371119,-5.905604765
1645655391442,8.14260723989896,23.2615012208212,-1.346335781
1645655392442,11.9749430377588,22.0906016652601,-6.768336535
1645655393442,15.8692334597939,21.6977121459284,-2.979894251
1645655394442,19.8343291567184,35.5187663326149,-7.029230583
1645655395442,18.6837433514086,31.7297131728589,-1.959540236
1645655396442,23.1533266748408,38.7018373521976,-9.978944143
1645655397442,27.4104941559963,45.1334609777868,-7.489821947
1645655398442,28.4371707192443,47.247739322267,-13.58644838
1645655399442,31.092368734497,52.1322217345335,-8.674980775
1645655400442,39.2349759756537,50.9391250307381,-5.529486768
1645655401442,42.748688011985,57.7647480331496,-15.74209351
1645655402442,45.9260749690089,56.4373585840348,-10.21757267
1645655403442,47.5811483945377,60.654816698878,-2.482624658
1645655404442,50.2451970693087,69.9842779934182,-7.860237593
1645655405442,59.8481632152698,66.8833364210408,-5.023702598
1645655406442,60.5473653599864,71.9021115778382,-6.57252086
1645655407442,62.9193422530419,75.6467704411255,-4.152450505
1645655408442,68.5041087399371,83.6099972775351,-14.1828573
1645655409442,67.8403092345517,87.6199120589895,-4.042025026
1645655410442,73.1507052612837,89.5654920790967,-5.747877621
1645655411442,75.66429271418,93.8550909253072,0.617583662
1645655412442,78.9213356106427,94.5742785200561,-5.171378165
1645655413442,81.1162993007528,95.3933532802824,-9.708768568
1645655414442,82.7802233895732,105.440892310504,-9.93541979
1645655415442,84.4884007772433,106.761622615464,-4.07110443
1645655416442,87.0373908719865,109.247703188532,-17.55499788
1645655417442,87.6834890545618,110.870314705693,-10.75967516
1645655418442,87.223254730677,117.115482288638,-8.894121919
1645655419442,84.0193157963557,121.499419013661,-9.30629995
1645655420442,85.4531227238626,123.397275164828,-5.911392099
1645655421442,86.7364684294948,128.360557452617,-12.61854059
1645655422442,79.6116870945832,133.839923430151,-16.99595543
1645655423442,74.2570377677438,139.472449728767,-4.189992806
1645655424442,71.8585088961331,142.471284419897,-10.10796229
1645655425442,67.0348991718411,146.526703355311,-6.877077511
1645655426442,63.5034858139574,148.169292304937,-14.88511335
1645655427442,61.7333538046275,152.056012915978,0.182181115
1645655428442,56.3610031587513,152.926141116039,-6.452882747
1645655429442,52.1038356775958,155.958271529521,-1.685803922
1645655430442,48.4485130814236,156.537617091498,-13.2322229
1645655431442,38.9606055129749,154.439986607799,-1.404652391
1645655432442,37.526798585468,153.760753880345,6.500107578
1645655433442,32.5173250024855,153.315701062899,3.413637794
1645655434442,27.667163295865,152.443353147857,2.059110438
1645655435442,22.781598951171,150.004996442941,-5.763627418
1645655436442,17.577410847464,147.708701484989,0.267650004
1645655437442,13.364496666416,141.797600979108,-0.158809468
1645655438442,8.77100410343748,144.250385830613,-18.9249048
1645655439442,6.77960559357021,136.499141757554,-14.70912828
1645655440442,4.24831682163713,138.804315574642,-7.872101591
1645655441442,-2.18611303184944,129.909918380921,-22.21767297
1645655442442,-2.77025659276497,132.149610611584,-14.21522961
1645655443442,-3.85888778018826,127.441595526125,-2.39380715
1645655444442,-7.36374915700124,123.670300085429,-9.679083635
1645655445442,-9.40825162775212,123.007715217968,-15.32832344
1645655446442,-12.6121905620734,120.251939296771,-12.66237838
1645655447442,-18.0995997879775,120.494998067492,-3.582242942
1645655448442,-19.2855882363919,116.419601699614,-5.591691108
1645655449442,-22.1797540712187,113.785910092128,-4.976425407
1645655450442,-24.2065552204173,105.652875073855,-2.843446149
1645655451442,-26.9060065345196,107.713880263519,-20.531052
1645655452442,-31.8269735160294,103.296647816144,1.260170466
1645655453442,-34.570678131497,96.1092113025596,-3.429736407
1645655454442,-37.1816228453844,98.2712135151916,-9.788945334
1645655455442,-39.6686583159522,95.3522885562854,-7.309263692
1645655456442,-40.925452044287,94.1214567009649,-12.88786386
1645655457442,-44.5542226606463,91.9927502098958,4.906739797
1645655458442,-46.6960823898727,88.1426548936783,-5.55647567
1645655459442,-48.9795526827133,82.2781683992466,-10.98021261
1645655460442,-50.7054313919357,80.8286946364201,-10.21238078
1645655461442,-51.9445237987182,78.05405113946,-4.60067223
1645655462442,-54.458111249099,75.1972781952945,-9.51309375
1645655463442,-56.5114643793682,64.759069359934,-8.998372156
1645655464442,-61.2023142033379,63.0443396789405,-4.726873983
1645655465442,-61.2642688249976,64.7191144934277,-3.915053148
1645655466442,-60.6093199803884,60.1376231516421,-1.419853246
1645655467442,-61.0607036409815,56.4029530049814,-8.404167354
1645655468442,-62.6803744309522,50.299847169002,-10.5029548
1645655469442,-60.750930541487,48.5729090564006,-5.217040652
1645655470442,-61.1049569423468,42.2223050205261,-9.608846511
1645655471442,-60.3438001797436,37.6541319678388,-6.3398802
1645655472442,-56.7061789013504,35.911655851158,-7.781911124
1645655473442,-55.7149049774338,29.6786966998215,-11.89184119
1645655474442,-56.4406590981901,26.5588875524701,-7.735242033
1645655475442,-49.5813975651811,27.3690834535604,-1.900430035
1645655476442,-49.9973785877006,21.4524336610145,-5.401694789
1645655477442,-46.3155040104578,21.6377798461689,-8.241616332
1645655478442,-47.050108793248,19.3792200397427,-2.488028551
1645655479442,-37.2701294430838,13.745583883636,-6.528925294
1645655480442,-38.87209891276,16.0207915508437,-9.6664404
1645655481442,-40.9166013822531,15.6212428873571,-5.175598348
1645655482442,-34.3494116284441,13.5580179835005,-8.63385584
1645655483442,-31.0038621317665,11.5247592287351,-9.453304397
1645655484442,-23.6135609962101,6.56480651420667,-3.31043919
1645655485442,-17.8340799885905,10.1962599229183,-12.53268257
1645655486442,-19.4183481354566,10.2828287992973,-6.260234748
1645655487442,-9.46135558612024,9.39605273845462,-7.059738802
1645655488442,-11.3199941969228,10.5369861441359,-3.97332342
1645655489442,-8.40812704180155,13.9675553636136,-2.983555286
1645655490442,-2.03565180997474,12.3405044172782,-7.099393841
1645655491442,-3.27474421675722,14.2683267183248,-3.008744646
1645655492442,3.00037375533624,13.3005310669788,-3.960127518
1645655493442,3.27474421801498,16.7599565788458,-5.499426233
1645655494442,7.24869057445786,25.5278300288928,-15.76110014
1645655495442,7.00087209410757,27.5466606370693,-9.985731797
1645655496442,10.1517070700608,32.5332499297944,-8.849660816
1645655497442,12.3997747197967,27.8085869835533,-6.606865518
1645655498442,15.3204925344364,29.9284146146977,-8.593376245
1645655499442,16.4533770207094,31.009415721408,-11.3602229
1645655500442,13.090126204995,30.4766841700926,-11.20293207
1645655501442,22.5337804708207,18.1705853326565,1.33071425
1645655502442,16.2498118392088,22.73431895617,-1.944588775
1645655503442,16.8516567229344,22.6677275122556,-2.892532632
1645655504442,13.1963341255045,25.2448163924536,-21.41873278
1645655505442,15.7541748785083,22.8630624148252,-3.473218269
1645655506442,9.41710228601277,15.9286733870118,-23.98343635
1645655507442,16.8782087027473,16.5735005354122,-1.420743871
1645655508442,6.20431268965756,8.56698926160173,-24.56186583
1645655509442,10.7712532728231,9.66130865662174,-8.595213073
1645655510442,12.0457483189369,12.7944360930715,-8.758463308
1645655511442,14.0282961692858,9.33945001037818,-8.760863102
1645655512442,10.488032150626,12.4603690160088,-17.82396761
1645655513442,12.966216964191,12.0541612083673,-0.924511012
1645655514442,11.8510337982125,14.2583380016982,-2.362929465
1645655515442,12.5059826403062,17.3426317132942,-4.313511743
1645655516442,1.46920956683824,6.44938134464985,-13.90803267
1645655517442,6.85926153426675,6.07868897355251,-21.22952625
1645655518442,12.567937261966,13.9253807821261,-6.010969689
1645655519442,-0.159311880135349,7.84447209438105,-17.64389206
